"","ID","StartTime","EndTime","E4Serial","SessionLength"
"1","1001",1514488172,1514492406,"A01624",1.17611111111111
"2","1001",1516307379,1516314828,"A012B6",2.06916666666667
"3","1001",1516367132,1516373123,"A012B6",1.66416666666667
