gamma_Epoch_1-3	alpha_birp_Method_1_simulated_counts_1
-0.0032709	1
-0.00171325	1
0.00932134	1
-0.00125297	1
0.0239886	1
-0.00489011	1
-0.00164904	1
0.00220304	1
0.00696762	1
0.0190265	1
0.0134027	1
0.0160638	1
-0.00473553	1
0.00632054	1
0.00244573	1
-0.00207546	1
-0.00678615	1
-0.00813516	1
0.00993384	1
0.0286391	1
-0.0151969	1
0.00613531	1
-0.00137704	1
-0.0213308	1
-0.00921949	1
-0.00282445	1
0.00819216	1
0.0163613	1
0.0233938	1
0.00691345	1
-0.00652953	1
0.0318423	1
-0.00657848	1
0.010214	1
-0.000848543	1
-0.000721401	1
-0.00595199	1
-0.00246153	1
-0.018978	1
0.00696541	1
0.00840668	1
0.00416135	1
0.0218635	1
0.0124099	1
0.012039	1
-0.0147767	1
0.00911909	1
-0.0245349	1
0.025256	1
0.0107139	1
-0.00125103	1
0.00255463	1
0.0101401	1
0.0118894	1
0.00136824	1
0.00916903	1
-0.00958809	1
0.0229545	1
0.0047266	1
-0.0103548	1
0.00508341	1
0.0136576	1
6.10292e-05	1
0.0157215	1
0.00789592	1
-0.0062988	1
0.0103373	1
-0.00161605	1
0.00286452	1
0.00985303	1
0.00804794	1
0.015421	1
0.00137489	1
0.0196411	1
-0.000817077	1
-0.00493039	1
0.00154381	1
0.0211446	1
-0.0136412	1
-0.0017286	1
0.0159705	1
0.00652556	1
0.0126079	1
0.0132717	1
0.00876887	1
0.00392499	1
0.0136756	1
0.00765787	1
-0.0378136	1
0.0079167	1
0.0079167	1
0.0341589	1
0.00109153	1
0.0207098	1
0.0151863	1
0.000836305	1
-0.00348309	1
0.00961864	1
0.00765761	1
-0.00252371	1
-0.00317897	1
0.0140307	1
0.00901721	1
0.0154795	1
0.0153543	1
0.016497	1
0.000667482	1
-0.0310014	1
3.90734e-05	1
0.00413993	1
-0.00776248	1
0.0124764	1
0.0283635	1
0.0193748	1
0.00962889	1
0.0146755	1
0.00499401	1
0.0120804	1
-0.00213508	1
0.0230936	1
-0.0162644	1
-0.0207848	1
0.0132163	1
-0.0107377	1
0.00919974	1
-0.00890803	1
-0.000365012	1
0.00323877	1
0.0173284	1
0.0206299	1
3.55357e-05	1
0.00223372	1
-0.00174623	1
0.011441	1
0.00145488	1
0.00113126	1
-0.00272492	1
0.0032371	1
0.00269882	1
0.0281247	1
0.0162216	1
0.0173958	1
-0.00398197	1
0.0115865	1
0.00932198	1
-0.00817228	1
0.0303612	1
-0.0185015	1
0.0157572	1
0.00142016	1
-0.00942151	1
-0.00112428	1
-0.00927803	1
0.0100403	1
0.000651641	1
0.00242934	1
0.0251462	1
0.026831	1
0.0025356	1
0.0107504	1
0.00986419	1
0.0216608	1
0.0105854	1
0.0021454	1
0.0126109	1
0.0257588	1
-0.00815941	1
0.011913	1
-0.00465306	1
-0.00585068	1
-0.00212229	1
-0.0119887	1
0.00151626	1
0.0109123	1
0.017976	1
0.0148029	1
-0.00700586	1
-0.00379098	1
0.0230732	1
0.0202178	1
0.0260839	1
0.00193748	1
-0.00431296	1
0.00596718	1
0.00256374	1
-0.00361313	1
0.00296305	1
-0.00225808	1
0.0242941	1
0.00171271	1
0.0169295	1
-0.00373636	1
0.011444	1
0.0178161	1
-0.0220997	1
0.000329619	1
0.00346599	1
0.0183458	1
0.0167129	1
0.0309978	1
0.0136049	1
0.0307991	1
0.0183523	1
0.00296479	1
0.0210838	1
0.00747208	1
0.00922812	1
-0.0188818	1
0.0116905	1
0.0240415	1
-0.0234753	1
0.0276486	1
0.00476791	1
0.00323436	1
-0.00681543	1
0.00180869	1
-0.00941147	1
-0.00139889	1
0.0106145	1
0.01365	1
-0.0177109	1
0.0257415	1
0.0314848	1
0.023529	1
0.0084085	1
-0.00850724	1
0.000930567	1
0.00499678	1
0.00469665	1
-0.00055381	1
0.00554514	1
-0.0152202	1
-0.0106593	1
0.0206568	1
-0.00715264	1
0.0163473	1
0.0176144	1
-0.0219639	1
-0.00551776	1
0.00671702	1
0.0100964	1
-0.0105727	1
-0.0139472	1
-0.00402212	1
-0.016893	1
0.0197403	1
0.0144498	1
-0.00500517	1
0.0191484	1
-0.00735388	1
0.0170671	1
-0.00744822	1
0.0210958	1
0.00304195	1
-0.00259159	1
0.000383154	1
0.0127718	1
0.0374337	1
-0.00451987	1
0.00431144	1
0.0166381	1
0.00956694	1
-0.00747079	1
0.0303231	1
-0.0039033	1
0.0200369	1
0.00178649	1
0.0132186	1
0.0148023	1
0.0414019	1
0.00121494	1
0.0165058	1
0.013012	1
0.0141834	1
0.0266652	1
0.0107	1
0.0296674	1
-0.00216828	1
0.00574666	1
0.0099707	1
0.0130287	1
-0.00031778	1
0.00759507	1
0.00549394	1
0.0140184	1
0.011596	1
0.0101455	1
0.0198726	1
0.033098	1
-0.0252108	1
0.00530867	1
0.00821733	1
0.0037437	1
-0.0217181	1
0.0117028	1
0.0103604	1
-0.0138152	1
-0.00132126	1
-0.0073353	1
1.80312e-05	1
0.00533883	1
0.0118664	1
0.00988974	1
-0.00845508	1
-0.0164692	1
0.0248354	1
0.0252979	1
0.0124253	1
0.00454028	1
-0.0160801	1
0.00208664	1
-0.0161532	1
0.013473	1
0.00944334	1
-0.00785511	1
0.0178843	1
0.0212105	1
0.0027137	1
0.00925281	1
-0.000557568	1
-0.00260001	1
0.0129502	1
0.0199261	1
-0.00907358	1
0.00843353	1
0.00252679	1
0.0403897	1
-0.0066174	1
0.00529867	1
-0.00728877	1
0.000608887	1
0.0271975	1
0.00927225	1
0.0044001	1
0.0044001	1
0.00101415	1
0.0143955	1
0.00038003	1
0.0143136	1
-0.00880892	1
0.0119938	1
-0.00401166	1
0.0203241	1
-0.0026601	1
0.0038754	1
-0.000822191	1
-0.0159461	1
0.0237744	1
0.0158406	1
-0.00112596	1
0.00133109	1
0.0297438	1
0.0238467	1
0.00216522	1
0.014279	1
0.0175262	1
-0.0238887	1
-0.0118039	1
-0.0141541	1
0.0116939	1
0.0116939	1
0.000970286	1
0.0115349	1
0.00955742	1
0.0132731	1
0.0238048	1
0.00932348	1
0.0056667	1
0.0156612	1
0.0154581	1
-0.0274139	1
0.0199717	1
0.00306581	1
0.0103509	1
-0.00053277	1
-0.00214857	1
0.0171107	1
-0.00492851	1
-0.00971697	1
0.0133884	1
0.000495338	1
-0.011874	1
0.0320755	1
0.0203678	1
0.00517912	1
-0.010098	1
0.0329701	1
-0.00690559	1
0.0198327	1
0.00721021	1
-0.0162698	1
0.00267925	1
0.0178637	1
0.0322884	1
0.0257629	1
0.00155714	1
-0.00778341	1
0.0340094	1
0.0215712	1
0.0353123	1
-0.00561532	1
0.0179102	1
0.00418714	1
0.0115636	1
0.0176282	1
0.0125102	1
0.0339635	1
-0.0200435	1
0.00552972	1
0.0075232	1
0.00752599	1
-0.00434262	1
-0.00314515	1
-0.00314515	1
0.0271253	1
-0.000528439	1
0.0227141	1
0.0056762	1
0.0103664	1
-0.00507738	1
0.00685651	1
0.0383368	1
0.0049333	1
0.00176827	1
0.00145918	1
0.0184436	1
0.016933	1
-0.0143493	1
-0.00551716	1
0.0168904	1
0.012325	1
-0.0311541	1
0.0207716	1
0.0378844	1
0.011353	1
0.0375099	1
0.00383306	1
0.037546	1
0.0029031	1
0.000430897	1
-0.00373366	1
0.016855	1
0.0108995	1
0.027632	1
0.00544635	1
0.0133266	1
0.0054106	1
-0.0104012	1
-0.017679	1
0.0244236	1
0.0252258	1
-0.00224788	1
-0.00129537	1
0.045048	1
0.0037832	1
0.0224714	1
0.026046	1
0.00645703	1
-0.0127728	1
0.0137989	1
0.012833	1
0.00037934	1
0.00564132	1
-0.0193417	1
-0.0111354	1
-0.00689825	1
-0.0342955	1
-0.00871857	1
-0.00103001	1
0.00696232	1
0.00141272	1
0.00908004	1
0.0136124	1
-0.00256755	1
0.00744778	1
0.00922788	1
-0.00165905	1
0.016863	1
-0.00101838	1
-0.0108763	1
-0.0129799	1
-0.00119407	1
0.0274851	1
0.00485602	1
0.0276773	1
-0.00329441	1
0.0124861	1
0.0176823	1
0.00891087	1
-0.0174214	1
-0.0106099	1
0.0178255	1
0.0144849	1
0.0193108	1
0.0249017	1
0.0226603	1
0.00894269	1
0.0216398	1
0.0121781	1
0.00678623	1
0.00544441	1
-0.00946898	1
0.00488334	1
0.00879051	1
-0.00315288	1
-0.00687128	1
0.0272547	1
0.0338273	1
-0.00788606	1
-0.0208966	1
0.0125396	1
0.0176027	1
-0.00368923	1
0.0245768	1
0.00706654	1
7.84005e-05	1
-0.00128691	1
0.00537318	1
0.0121596	1
0.00604586	1
0.0126137	1
0.00741726	1
-0.00258215	1
0.0270856	1
0.0199271	1
-0.0146263	1
0.0173154	1
0.00685066	1
-0.00752873	1
0.0191733	1
-0.0195933	1
0.00640967	1
0.0260147	1
-0.00201223	1
0.00354597	1
0.0204306	1
0.00503525	1
0.00871097	1
0.0186932	1
0.0238605	1
0.0259938	1
0.00831371	1
0.00828101	1
0.00939295	1
0.00493866	1
0.0453817	1
0.0480285	1
-0.000588364	1
-0.00831128	1
-0.00892506	1
-0.000180324	1
0.00136306	1
-0.0178263	1
0.0143331	1
-0.0168477	1
0.0247185	1
-0.0123765	1
-0.00557159	1
0.0202242	1
-0.00219715	1
0.00984739	1
-0.00250864	1
-0.0105356	1
0.0221866	1
-0.00434408	1
-0.00351752	1
-0.00160733	1
0.0180155	1
0.0126044	1
0.00141346	1
0.0174399	1
0.0181605	1
0.00296852	1
0.00763396	1
-0.00956861	1
0.0282855	1
-0.00375428	1
0.0203084	1
-0.00712527	1
0.0115775	1
-0.0058832	1
-0.017413	1
0.00807602	1
0.00563539	1
3.29404e-06	1
0.000934891	1
-0.00625211	1
0.00888387	1
0.00262964	1
-0.00343304	1
-0.00366298	1
0.0130488	1
-0.00264397	1
0.00323249	1
0.0017316	1
0.00874246	1
0.00218887	1
0.00126383	1
0.0130814	1
0.00269676	1
0.00567406	1
-0.00916348	1
0.00597954	1
-0.00306809	1
-0.023239	1
0.0322866	1
0.000295705	1
0.00521398	1
0.00271321	1
0.00798759	1
-0.0133099	1
-0.022427	1
-0.00369908	1
-0.00892183	1
-0.000464876	1
-0.00365124	1
0.0124587	1
-0.0250813	1
0.0117925	1
0.0281475	1
0.00745083	1
-0.00746438	1
-0.00412016	1
-0.00841812	1
-0.00476563	1
0.00681046	1
0.0172758	1
0.0259583	1
-0.00829966	1
0.0144896	1
0.0195134	1
-0.0108405	1
0.00121867	1
0.01283	1
-0.00517587	1
-0.00127595	1
-0.00335374	1
-0.0355546	1
0.0250963	1
-0.0200827	1
0.00642463	1
0.00596543	1
-0.0046424	1
0.02629	1
0.0116907	1
-0.000760625	1
0.02555	1
0.0134961	1
0.0167981	1
0.0174312	1
0.0202806	1
0.00066625	1
0.00866327	1
0.0120593	1
0.0191679	1
0.00636903	1
0.0152545	1
-0.00129872	1
0.0247176	1
0.0374468	1
0.00502101	1
0.00502101	1
0.00770284	1
-0.000501545	1
0.0296019	1
0.00334676	1
-0.00932065	1
0.0220226	1
0.00132598	1
0.00960339	1
0.0175793	1
0.0145819	1
0.00672041	1
-0.00943833	1
0.00934064	1
-0.00707124	1
0.0154393	1
-0.0154295	1
-0.0114196	1
-0.0144518	1
-0.000323171	1
0.0074722	1
0.022714	1
0.0191874	1
0.00458382	1
0.0192733	1
0.0208345	1
-0.0188399	1
0.00363367	1
0.00353652	1
0.0063335	1
0.00161393	1
0.0088818	1
0.00385631	1
0.00127023	1
-0.0158417	1
0.00300901	1
2.06473e-05	1
-0.0168541	1
-0.00466437	1
0.0190867	1
0.00733029	1
0.00291466	1
0.0131854	1
0.00733604	1
0.011308	1
0.0030354	1
0.022089	1
-0.00386464	1
-0.00256923	1
0.0256719	1
0.0310919	1
0.0093958	1
-0.00315734	1
0.00632467	1
0.0172287	1
0.000465207	1
0.0204318	1
0.00606655	1
0.00374927	1
-0.017903	1
0.00621547	1
0.0203142	1
0.0084247	1
0.0265854	1
-0.0128186	1
-0.00639376	1
-0.00651717	1
0.00861271	1
0.0180843	1
0.00218168	1
0.021337	1
0.0277689	1
0.0185698	1
0.00616619	1
-0.0130541	1
0.0087178	1
0.00546213	1
0.0112489	1
0.0249763	1
0.0010328	1
0.0146158	1
0.00443709	1
0.0307874	1
-0.00427026	1
0.0335479	1
-0.0240359	1
0.0261418	1
0.0127692	1
0.0317237	1
0.00259722	1
0.034319	1
0.00406479	1
0.000771373	1
-0.0170151	1
-0.00778675	1
0.00606618	1
0.0200494	1
0.0368994	1
0.000340419	1
-0.00342815	1
-0.0126939	1
0.0148428	1
-0.0217617	1
0.00705607	1
0.000853413	1
-0.0193042	1
0.0213981	1
-0.00951322	1
0.00876164	1
-0.0153499	1
-0.00878379	1
0.0175595	1
0.00576947	1
-0.00239306	1
-0.00261167	1
-0.0040854	1
-3.68608e-06	1
-0.0016584	1
0.0375696	1
0.00234633	1
0.00764677	1
0.0162198	1
0.00807821	1
0.00942994	1
0.00462779	1
-0.000805462	1
0.0134974	1
-0.00012372	1
-0.00825578	1
0.0111517	1
0.0171121	1
-0.000211332	1
0.0232683	1
-0.00100276	1
0.00408395	1
0.00086972	1
0.0101986	1
-0.0018822	1
-0.00125472	1
0.0293789	1
0.00234157	1
0.0193769	1
-0.00964983	1
0.00589584	1
-0.000308888	1
0.0274448	1
0.0180744	1
0.00276882	1
0.0169372	1
0.0232305	1
0.023639	1
-0.00260703	1
-0.00827526	1
0.0179476	1
0.0190156	1
0.00729813	1
0.0119077	1
-0.000895046	1
0.00184422	1
0.033389	1
0.0124653	1
0.00460243	1
-0.0108814	1
0.0181156	1
0.0226625	1
0.0209576	1
0.0134701	1
0.00615839	1
0.00823861	1
0.00926766	1
0.0148051	1
0.00854916	1
0.0354384	1
0.00390774	1
-0.0146337	1
-0.00388395	1
0.017537	1
-0.00893916	1
0.00223201	1
0.0232833	1
0.00870271	1
0.0410014	1
-0.00651207	1
0.000648287	1
-0.010204	1
0.00132093	1
-0.00508021	1
0.0105049	1
-0.00370322	1
0.00397172	1
0.0239917	1
-0.0234394	1
-0.0140647	1
0.0157778	1
0.0288512	1
-0.00355013	1
0.00602213	1
-0.000969656	1
0.00544038	1
-0.00965665	1
0.0121776	1
-0.0130634	1
-0.00107143	1
0.0068251	1
-0.00614447	1
0.00088131	1
-0.00501611	1
-0.00819099	1
0.00495873	1
0.00730816	1
-0.0141626	1
-0.0026531	1
-0.0101593	1
0.00845239	1
0.00273484	1
-0.000316621	1
0.0354812	1
-0.00108051	1
0.00523958	1
-0.00483522	1
0.0158463	1
-0.00948594	1
0.0110044	1
0.0297189	1
0.0326747	1
0.00980776	1
-0.0291018	1
-0.0161512	1
0.0137224	1
0.0144687	1
-0.00183803	1
0.007652	1
0.00538593	1
-0.00372465	1
0.0153907	1
-0.00911575	1
0.0113858	1
0.0122421	1
0.0136608	1
0.00841339	1
0.004847	1
-0.0228262	1
0.0151895	1
0.00708957	1
0.0275149	1
0.0284841	1
0.014121	1
0.0322523	1
0.00416901	1
0.0160967	1
0.00758312	1
0.0169599	1
0.0152228	1
-0.0187228	1
-0.0262336	1
-0.00263352	1
0.00755025	1
0.0015766	1
-0.0121251	1
0.0125468	1
0.00925584	1
-0.000416909	1
0.0180274	1
0.012838	1
-0.00108851	1
0.0293445	1
-0.0114806	1
0.0031769	1
0.00592509	1
-0.00739311	1
0.0166366	1
0.00470076	1
0.0195192	1
-0.0147407	1
0.00475148	1
-0.00174676	1
0.0152	1
0.00546541	1
0.00158768	1
-0.00582018	1
0.012114	1
0.0118401	1
-0.00185656	1
-0.0167686	1
0.00110453	1
0.0230683	1
0.00449387	1
0.0166205	1
0.0123891	1
0.0235888	1
0.0149586	1
0.00915242	1
0.0305811	1
-0.00140277	1
0.00379026	1
-0.00450668	1
0.0161125	1
0.0185578	1
0.0182443	1
-0.000172565	1
-0.00174921	1
0.00472138	1
0.0282325	1
-0.0237846	1
0.0154829	1
0.00549256	1
0.0246663	1
-0.0067646	1
0.00369099	1
0.00373874	1
-0.0248437	1
0.00692779	1
0.0114477	1
0.0039544	1
0.0113746	1
0.0100575	1
0.0169365	1
0.0188588	1
-0.0106716	1
0.02532	1
0.0101075	1
0.00404753	1
0.00404753	1
-0.0160313	1
0.00519141	1
0.00976997	1
-0.00896886	1
-0.00296371	1
0.0106295	1
-0.0268346	1
-0.018579	1
-0.0162066	1
0.018986	1
0.000419188	1
0.0266763	1
-0.0182659	1
0.00359904	1
-0.00517229	1
0.0147771	1
0.0277823	1
-0.00513673	1
0.020759	1
0.00165969	1
0.0260228	1
-0.00584481	1
0.0110292	1
0.0121388	1
0.0264071	1
0.00894274	1
-0.00152033	1
0.00811306	1
0.00897692	1
0.00897692	1
-0.00536006	1
-0.0202934	1
0.00304573	1
-0.000913416	1
-0.00796479	1
0.0222072	1
-0.00813015	1
0.0169595	1
0.00910454	1
0.0225609	1
-0.003741	1
0.0107079	1
0.0209801	1
0.00718057	1
0.00380879	1
0.0135151	1
-0.00385748	1
0.0144862	1
0.00315278	1
0.0320767	1
-0.00176532	1
-0.0137974	1
0.00383689	1
0.0281303	1
-0.00425612	1
0.0204674	1
0.00281654	1
-0.00217995	1
-0.010963	1
-0.00542822	1
-0.0146924	1
0.0096434	1
0.0223788	1
0.0153503	1
0.0135229	1
-0.0039639	1
0.017688	1
-0.00388697	1
-0.00647129	1
-0.0185318	1
0.0249888	1
0.0118763	1
-0.0297042	1
0.0345417	1
-0.0115128	1
0.0324602	1
0.0137528	1
0.0269159	1
0.0199671	1
-0.00352215	1
-0.000905782	1
0.0113712	1
0.00751356	1
0.0378678	1
0.0133516	1
0.0134904	1
-0.00774353	1
-0.00472097	1
0.0124036	1
-0.000142427	1
0.0106434	1
0.0207812	1
0.0186301	1
0.0126234	1
-0.00853553	1
0.00906382	1
0.0099716	1
0.00617958	1
-0.0200436	1
8.68049e-05	1
0.0119969	1
-0.013741	1
-0.00556514	1
0.00129961	1
0.00213443	1
0.00780445	1
0.0143154	1
0.0042267	1
-0.0160592	1
-0.0104912	1
-0.000770608	1
0.00654894	1
0.0198505	1
-0.0104395	1
0.00170504	1
0.00603127	1
0.00946105	1
-0.00157191	1
0.00902977	1
0.0197937	1
0.00809449	1
-0.00417243	1
-0.0043272	1
-0.0232273	1
0.000750413	1
0.0133443	1
0.0167886	1
0.0188474	1
0.0399684	1
0.0162929	1
0.0137012	1
0.0151906	1
0.00471938	1
0.00803295	1
0.00113904	1
0.0152178	1
-0.00285295	1
0.0172878	1
0.00355031	1
0.0141954	1
0.0245397	1
-0.0276716	1
-0.00493611	1
0.0195709	1
0.0208623	1
0.0205951	1
0.0221151	1
0.0261605	1
-0.0175398	1
-0.015546	1
0.0122683	1
0.0206804	1
-0.0032738	1
0.0226064	1
-0.0130093	1
0.0269195	1
0.0112623	1
0.00944807	1
0.0452343	1
0.0135396	1
-0.000117783	1
0.0162768	1
0.0280896	1
0.0102975	1
-0.00911663	1
0.052338	1
-0.0158206	1
0.0213642	1
0.0378623	1
0.00269938	1
0.0198927	1
0.023281	1
-0.00513972	1
-0.00576005	1
0.0313012	1
0.0381973	1
0.0179208	1
-0.00898912	1
0.00943746	1
0.000314747	1
-0.00883623	1
-0.00973027	1
0.042355	1
-0.00845084	1
0.0170926	1
-0.00430681	1
0.0223494	1
0.0533914	1
0.0091102	1
0.0311932	1
0.0160494	1
0.0145972	1
0.00371641	1
0.00284481	1
0.0042613	1
0.0142319	1
0.00010474	1
0.00984603	1
0.00591244	1
-0.017247	1
0.0253854	1
0.000788887	1
0.0160071	1
0.00507632	1
0.0137363	1
0.0216165	1
0.028043	1
0.0202737	1
0.00764948	1
0.0130733	1
0.00708294	1
0.0152238	1
-0.00683943	1
0.0221425	1
0.0034127	1
0.00527879	1
0.0021764	1
0.0235193	1
0.017636	1
0.0178957	1
0.00130411	1
0.022248	1
0.0117673	1
0.0235664	1
0.0139023	1
-0.00675333	1
-0.0014154	1
0.030892	1
0.0293779	1
0.0348203	1
0.0151035	1
0.00248464	1
-0.00725618	1
-0.000790948	1
-0.00230073	1
0.00763905	1
-0.0181239	1
0.00421325	1
0.0261431	1
0.00122649	1
0.00560177	1
0.0213482	1
0.00782545	1
-0.0039617	1
0.00546352	1
0.00731998	1
0.00244214	1
0.00831229	1
0.016024	1
0.0108497	1
0.0191546	1
0.00463763	1
0.00280284	1
0.0233939	1
0.0109988	1
0.0118274	1
-0.0051607	1
-0.00621029	1
0.00191859	1
0.00630157	1
0.023128	1
-0.0103742	1
0.0062414	1
0.0314288	1
0.0202078	1
-0.0183637	1
0.00058165	1
0.0175295	1
0.0245146	1
0.00808009	1
0.0117015	1
0.00433377	1
0.0152926	1
-0.00371899	1
0.0153713	1
0.00485698	1
-0.00769239	1
0.00970919	1
0.0170874	1
-0.00377785	1
0.0160538	1
0.00532481	1
0.0116397	1
0.00688545	1
-0.0052467	1
-0.00889294	1
0.0238152	1
-0.020189	1
0.024192	1
0.0122428	1
-0.0141809	1
-0.000677198	1
-0.00852337	1
-0.0183734	1
0.000698131	1
0.0179593	1
0.014471	1
0.031393	1
0.00139313	1
0.00823184	1
-0.0055059	1
-0.0102647	1
-0.00408732	1
-0.00755901	1
-0.0161052	1
0.0208174	1
0.0192788	1
-0.0039604	1
-0.00277283	1
0.0497616	1
0.0162609	1
-0.00331887	1
0.0183119	1
0.00884132	1
-0.0126595	1
0.00278151	1
0.0243472	1
-0.00602317	1
0.0119083	1
0.00210015	1
0.0201507	1
0.0099602	1
0.000759521	1
0.0236486	1
0.0274558	1
0.0106549	1
0.01579	1
0.0244239	1
-0.00995619	1
-0.00995619	1
0.0165294	1
-0.000763476	1
-0.0028313	1
0.00123317	1
0.00613412	1
0.00779091	1
0.0246978	1
0.0135969	1
-0.00929754	1
0.00368004	1
-0.00165808	1
0.0134119	1
0.0306828	1
0.0211751	1
0.00297226	1
0.0154708	1
0.0129364	1
0.0336004	1
0.0205619	1
-0.00606402	1
0.00299953	1
0.0190033	1
0.0117337	1
-0.00645339	1
0.00862226	1
-0.0146114	1
0.0154864	1
-0.0236399	1
-0.00461041	1
0.00114354	1
-0.000934902	1
3.32345e-05	1
0.0198275	1
-0.0105743	1
0.0281485	1
0.0323708	1
-0.00770023	1
-0.0128745	1
0.00546451	1
0.0143974	1
0.00672233	1
-0.008624	1
-0.00223784	1
0.00650821	1
0.0135935	1
0.00763384	1
-0.0111626	1
0.0151238	1
0.0268105	1
0.00550587	1
-0.0129344	1
-0.00544559	1
0.0288535	1
-0.00742786	1
0.0131028	1
-0.00966128	1
0.0161801	1
0.0251389	1
-0.0144377	1
0.0183377	1
0.00172023	1
0.0177581	1
0.0105125	1
-0.0161061	1
-0.00196714	1
0.00178887	1
0.0218087	1
-0.00975552	1
0.0268759	1
0.0116105	1
0.00395087	1
0.00313741	1
0.0180686	1
0.00635569	1
0.0135197	1
-0.00166241	1
-0.0143483	1
0.00881629	1
-0.00456055	1
0.0215683	1
0.00374206	1
-0.00585955	1
0.012077	1
0.00525039	1
0.00676608	1
-0.0112746	1
-0.0133996	1
-0.0031424	1
0.0182094	1
0.00367365	1
0.00348775	1
0.0250665	1
-0.0164831	1
0.0100068	1
0.0137597	1
0.0240378	1
0.00635542	1
0.0161966	1
0.018515	1
0.0520252	1
0.0260069	1
0.00140701	1
0.011255	1
0.00361933	1
-0.00383436	1
0.0189287	1
0.0119772	1
-0.0170041	1
0.0172866	1
0.0200533	1
0.00812465	1
0.0100928	1
0.00428747	1
-0.00798349	1
-0.00826431	1
0.0101623	1
0.0234826	1
-0.0208301	1
0.0177485	1
0.00844822	1
0.0119097	1
0.0011189	1
0.0142071	1
0.0145739	1
0.0168715	1
0.00130097	1
0.029991	1
0.0095221	1
0.0128292	1
-0.00721651	1
0.00287952	1
0.000723267	1
0.0154741	1
0.0096219	1
0.00829109	1
0.0172779	1
-0.00650705	1
0.0298438	1
-0.000679697	1
0.00911907	1
0.0191082	1
-0.0113221	1
0.0166621	1
0.0168132	1
-0.0196056	1
0.00706494	1
0.0135757	1
0.00891694	1
-0.000727153	1
0.0181967	1
0.0237912	1
-0.00290571	1
0.005224	1
-0.0038976	1
0.0097304	1
0.00963107	1
0.000777443	1
-0.00167431	1
0.00130615	1
0.00683577	1
0.0110635	1
0.0204452	1
-0.0027542	1
-0.00696628	1
0.0195567	1
0.00318211	1
0.00869152	1
-0.0113083	1
0.0155802	1
-0.00627722	1
-0.00745001	1
0.0204712	1
0.0189132	1
0.00342494	1
-0.00724592	1
0.00634434	1
0.0032829	1
0.0193234	1
0.019303	1
-0.0291447	1
0.0138649	1
0.00105097	1
-0.00272199	1
0.0268424	1
0.0190412	1
-0.0135278	1
0.00471463	1
-0.0234331	1
0.0200011	1
-0.00805109	1
0.0142807	1
-0.0197144	1
0.000616052	1
-0.0143802	1
0.0080433	1
0.0278109	1
0.00965306	1
0.018929	1
-0.0141998	1
0.00270279	1
0.00716082	1
0.0167736	1
0.0119403	1
0.0113601	1
0.00556672	1
-0.00285078	1
0.0233057	1
7.94497e-05	1
0.0222711	1
0.0107534	1
0.0218948	1
0.0158651	1
0.0102418	1
0.0139037	1
0.0325352	1
0.0260577	1
0.0340082	1
0.0162607	1
0.0149471	1
0.00409538	1
0.0339888	1
0.00262519	1
0.0399618	1
0.00381611	1
0.0294813	1
0.0151952	1
-0.0030729	1
0.00602981	1
-0.00116961	1
0.00196178	1
0.0188611	1
0.00832186	1
0.0105482	1
0.0269197	1
-0.0108772	1
0.00860292	1
0.0111763	1
-0.00776225	1
0.0171713	1
0.0208209	1
0.0345374	1
0.00652016	1
0.0285395	1
0.0154794	1
-0.00703732	1
-0.0155212	1
0.00617171	1
0.0151586	1
0.00910336	1
-0.0042332	1
-0.00452782	1
0.00135169	1
0.0141364	1
-0.00264561	1
0.00537455	1
0.00375986	1
-0.0168332	1
0.00928699	1
0.00689994	1
0.00460632	1
0.0279213	1
0.00502604	1
-0.00146918	1
0.00953823	1
0.00961382	1
0.00924086	1
0.00157	1
0.00837486	1
0.0271849	1
0.0145927	1
-0.00692269	1
-0.0151343	1
0.0175965	1
0.0258108	1
0.00939284	1
0.0231141	1
0.00618288	1
0.0122903	1
-0.0110627	1
-0.0073316	1
0.0155428	1
-0.0113805	1
0.0282429	1
0.00724557	1
-0.0192265	1
-0.00417316	1
0.0182922	1
-0.00155302	1
0.0115582	1
0.0148536	1
-0.00137982	1
0.0169354	1
0.0159021	1
0.0130636	1
-0.010046	1
0.0063438	1
-0.000284352	1
0.0236071	1
0.0387952	1
0.0206922	1
0.00671545	1
0.0063028	1
-0.00587384	1
0.0196771	1
0.0138147	1
0.0207807	1
0.0145537	1
-0.011701	1
0.0201453	1
0.0161988	1
0.011738	1
0.0157491	1
-0.000449184	1
0.0155687	1
0.010645	1
0.000757472	1
0.0350848	1
0.00952017	1
-0.00610881	1
0.0153527	1
0.0131011	1
-0.0337501	1
0.00726215	1
0.0109909	1
0.00241687	1
-0.00804198	1
0.0299939	1
-0.0014896	1
-0.00577713	1
-0.00969643	1
-0.0114429	1
-0.00465456	1
0.0185251	1
0.00957414	1
0.0146994	1
0.0148059	1
-0.00340634	1
0.00435171	1
0.00832397	1
-0.0307764	1
-0.0166416	1
-0.0089015	1
0.0240966	1
0.0113974	1
0.00596463	1
0.0323141	1
0.0267206	1
0.013306	1
-0.013582	1
-0.00863872	1
-0.013451	1
-0.000263476	1
0.0386899	1
0.0167227	1
0.0157026	1
0.0195184	1
0.00351327	1
-0.0135493	1
-0.0128616	1
0.0108489	1
0.00167636	1
-0.00762554	1
0.00469441	1
0.0149046	1
0.0200669	1
0.0146491	1
0.024489	1
-0.00826783	1
0.00750687	1
0.00210259	1
-0.0143904	1
0.0265893	1
-0.0172645	1
0.0155056	1
0.00903279	1
0.0154584	1
0.000216238	1
-0.00262247	1
0.00789689	1
-0.00363039	1
0.00419885	1
0.00696801	1
-0.00375273	1
0.0257061	1
0.0209577	1
-0.0145367	1
-0.00423562	1
0.0166961	1
-0.00423811	1
0.00953547	1
-0.00183572	1
0.0152993	1
-0.00377795	1
-0.00358939	1
-0.00742963	1
-0.00807649	1
-0.0284287	1
0.00563559	1
0.00318358	1
0.013274	1
0.02115	1
0.00851314	1
0.0299252	1
-0.00718873	1
-0.000404718	1
0.0212256	1
0.00265067	1
0.00503933	1
-0.00310253	1
0.00625541	1
0.0209389	1
0.0130087	1
0.000830778	1
0.0210963	1
-0.000323581	1
0.0158246	1
0.0203527	1
-0.00541721	1
-0.0108593	1
-0.0105661	1
0.00675003	1
0.00675003	1
0.0189831	1
0.0119738	1
0.00360502	1
0.00471994	1
0.0265926	1
0.0351056	1
0.0119276	1
-0.00947691	1
-0.0026148	1
0.0166361	1
0.00758004	1
-0.00959349	1
0.0175255	1
0.0229396	1
0.0163511	1
-0.00436821	1
-0.0063836	1
-0.00498811	1
0.0394207	1
0.00137681	1
-0.0044973	1
0.0114521	1
-0.00379159	1
-0.00117532	1
-0.0186742	1
0.0111151	1
0.00335814	1
-0.00280417	1
0.00666565	1
0.00867903	1
0.0308935	1
0.00836323	1
-0.0286739	1
-0.00808641	1
0.00343069	1
0.012262	1
0.00411562	1
-0.005724	1
-0.0286376	1
0.0194209	1
-0.0067804	1
0.0088831	1
0.0165468	1
-0.00498236	1
0.0191986	1
0.0177934	1
-0.0109475	1
-0.00338545	1
0.033806	1
0.00071309	1
-0.00329719	1
0.0186034	1
-0.00270366	1
-0.00494062	1
0.0166316	1
-0.00784503	1
0.0063275	1
0.000927707	1
-0.00641631	1
0.0138947	1
0.0210634	1
0.00392681	1
0.0236198	1
0.0270766	1
0.0155848	1
-0.00843806	1
0.0130436	1
0.00358347	1
-0.0046146	1
0.00732552	1
-0.0191988	1
0.0104677	1
0.016463	1
0.0185316	1
0.0243083	1
0.0123003	1
0.0140604	1
-0.00372871	1
0.0100744	1
0.0217696	1
-0.00192624	1
6.7583e-05	1
-0.00166933	1
0.0140588	1
-0.0309628	1
0.0141683	1
-0.00741624	1
0.0114277	1
0.012601	1
0.0134581	1
0.00408702	1
0.00445468	1
0.012067	1
0.0288524	1
0.0215843	1
0.00878927	1
-0.00549554	1
0.00548024	1
-0.000822457	1
0.0138385	1
0.00865531	1
-0.00281136	1
0.0237757	1
-0.0167	1
0.0118428	1
0.0145639	1
0.0224584	1
0.0095148	1
0.00810322	1
-0.00899805	1
0.0152592	1
0.0231189	1
0.00921571	1
0.0113237	1
-0.00640214	1
0.0122514	1
-0.0226402	1
-0.00913599	1
-0.00133804	1
0.00634419	1
0.0296908	1
-0.00916807	1
-0.00413477	1
0.015161	1
0.00182964	1
0.0369572	1
-0.00393971	1
-0.0198076	1
0.0238563	1
0.0178438	1
0.0260656	1
-0.00296328	1
-0.00821305	1
0.00651308	1
0.00384827	1
-0.00645803	1
-0.00252971	1
-0.00252971	1
-0.0166115	1
-0.0124062	1
0.0121226	1
0.0158322	1
0.0240355	1
-0.017251	1
0.0135812	1
-0.0113742	1
-0.0224339	1
0.00530063	1
0.00203168	1
0.00772413	1
0.0241954	1
0.00146675	1
0.00758844	1
0.0169813	1
0.0106848	1
0.0117615	1
0.00303844	1
0.0265892	1
0.0212822	1
0.000641105	1
0.000577329	1
0.0230854	1
0.0211903	1
0.00519749	1
0.0147002	1
0.0239739	1
0.022442	1
0.00326406	1
-0.0102361	1
-0.0127912	1
0.0164703	1
0.0298561	1
0.00720697	1
-0.0169317	1
0.0260041	1
0.00206017	1
0.0078131	1
0.00711591	1
0.0181179	1
0.0116124	1
0.0070757	1
0.0208337	1
0.0280999	1
0.00316267	1
0.0224776	1
0.0308642	1
0.00574547	1
0.0277521	1
0.0153661	1
0.0174314	1
0.0104363	1
0.0123165	1
0.00999684	1
0.0120322	1
0.0183937	1
0.018888	1
-0.0216575	1
0.0376343	1
0.00462079	1
0.023625	1
0.0258982	1
0.0190178	1
0.00567868	1
-0.024064	1
0.0171564	1
0.0169544	1
-0.00579495	1
-0.00637775	1
0.0111031	1
0.012674	1
-0.00415658	1
0.0112632	1
0.00448936	1
-0.00720845	1
0.000818603	1
0.0206606	1
-3.82008e-05	1
0.0194622	1
-0.013378	1
-0.00489075	1
-0.00034784	1
-0.00684615	1
0.00564471	1
0.0107765	1
0.00269639	1
-0.00896124	1
0.0143369	1
-0.00746801	1
0.015155	1
0.0152643	1
0.00366722	1
0.0221027	1
0.0258338	1
-0.0131162	1
0.00332441	1
-0.0203396	1
-0.0030647	1
0.0148358	1
0.019426	1
-0.0107363	1
0.0189973	1
-0.0167585	1
0.0182844	1
0.0128578	1
-0.020546	1
0.00015049	1
0.0290466	1
0.0315546	1
0.00479925	1
-0.00573008	1
0.0330401	1
-0.0113921	1
0.0143674	1
0.0303791	1
-0.00704917	1
0.0295114	1
0.0102474	1
-0.0207842	1
0.0225975	1
0.0172237	1
0.0467716	1
0.0151381	1
-0.0132007	1
0.0118364	1
0.0137604	1
0.0165216	1
0.0232463	1
0.0116265	1
-0.00623547	1
0.00139153	1
-0.0184758	1
0.0338427	1
-0.0144941	1
0.0242591	1
0.00816027	1
0.0149865	1
0.00676259	1
-0.0016724	1
0.0216733	1
0.0108772	1
0.0249877	1
0.00858602	1
-0.00409209	1
0.00924775	1
-0.0114511	1
-0.00869826	1
-0.000681834	1
0.010679	1
-0.0136019	1
0.00225535	1
0.00112889	1
0.0153213	1
-0.0306625	1
0.00135922	1
-0.0132355	1
0.01102	1
0.0122339	1
0.00923756	1
0.012107	1
0.0215704	1
-0.0174405	1
-0.0186768	1
0.00488822	1
0.00611188	1
0.00047864	1
0.0124622	1
0.0178734	1
-0.0041796	1
-0.00125074	1
0.018477	1
0.0280818	1
0.0144616	1
0.0334711	1
0.0187728	1
0.0194183	1
0.0149349	1
0.0363684	1
0.0142623	1
0.0478243	1
-0.0206048	1
0.0217669	1
0.000913902	1
0.0142445	1
0.0211649	1
0.00401741	1
0.00316521	1
-0.0112655	1
-0.0148337	1
0.0174776	1
0.00837059	1
0.00267891	1
0.00402789	1
0.0131098	1
0.00220772	1
0.0119788	1
0.0136376	1
-0.0101061	1
-0.0053076	1
-0.0046831	1
0.00716648	1
0.0150967	1
0.00987254	1
0.0261304	1
-0.0118477	1
0.00997104	1
0.0122856	1
0.0310339	1
0.026741	1
0.0025137	1
0.00687395	1
-9.71205e-05	1
0.00164721	1
-0.00643445	1
0.0130538	1
0.00159946	1
0.00766268	1
0.00391764	1
0.00848374	1
0.0248265	1
0.0208198	1
0.0219685	1
0.0291422	1
0.016007	1
0.00568054	1
-0.00250088	1
0.000108668	1
0.00410097	1
0.00764244	1
0.0219164	1
0.0170836	1
-0.00367308	1
0.00804248	1
0.00543299	1
0.00429818	1
0.0317089	1
-0.0227357	1
0.0292007	1
0.0159238	1
0.0384095	1
-0.0180239	1
0.0157246	1
0.0230053	1
0.00189274	1
0.0143232	1
0.00380783	1
-0.0147183	1
0.00176114	1
0.0252029	1
0.0104342	1
0.00874231	1
0.00733416	1
0.00836851	1
0.00511919	1
0.0048889	1
0.0105272	1
0.0134134	1
-0.0115037	1
-0.00635275	1
-0.00147643	1
0.0115315	1
0.0180414	1
0.0254999	1
0.00640312	1
-0.00640408	1
-0.0206235	1
0.0139991	1
-0.010865	1
0.00647372	1
0.0214367	1
0.00536967	1
0.0154535	1
0.0173279	1
0.0222109	1
0.0155274	1
0.00282715	1
0.025117	1
0.00567678	1
-0.00431369	1
0.0249319	1
0.0134482	1
-0.0122368	1
0.0188451	1
0.00715084	1
-0.019786	1
0.0398875	1
0.0104252	1
0.0151011	1
0.00416121	1
0.0125168	1
-0.0138677	1
0.0159051	1
0.00290876	1
0.00249123	1
0.0408998	1
0.0124786	1
-0.0309019	1
-0.00477499	1
0.0024858	1
0.00855403	1
0.0116367	1
0.0124162	1
0.015971	1
0.00721031	1
0.0286043	1
-0.00400205	1
0.0305393	1
-0.035207	1
0.0115104	1
0.00323947	1
-0.0195733	1
0.00132153	1
0.00653413	1
0.0408598	1
-0.00995749	1
0.0134597	1
0.00500551	1
0.00298739	1
-0.017467	1
0.0180146	1
0.0305963	1
0.00806529	1
0.0331118	1
0.00143651	1
0.0134311	1
0.00934956	1
-0.0020682	1
-0.00331763	1
0.00706094	1
-0.0112848	1
-0.0218585	1
-0.0064956	1
0.00997316	1
-0.00492979	1
0.0123717	1
0.0437024	1
0.022477	1
0.00931611	1
0.0095249	1
0.0183101	1
0.015447	1
0.0130567	1
0.0104831	1
0.0164744	1
-0.00424327	1
0.0296969	1
0.00516495	1
0.00441034	1
0.0120309	1
0.0122413	1
-0.00455846	1
0.0117223	1
-0.00640138	1
0.00579594	1
-0.0217113	1
-0.00586182	1
0.0136269	1
0.0280555	1
0.00823794	1
-0.0112766	1
0.0104208	1
0.0253157	1
0.000327954	1
0.0127464	1
0.00867202	1
0.0220277	1
2.60299e-05	1
0.0127918	1
-0.0387504	1
-0.00312571	1
0.0214261	1
0.0196362	1
-0.0171942	1
0.0285074	1
-0.00309604	1
-0.00454363	1
-0.00262029	1
-0.0066928	1
0.00794088	1
0.00563655	1
0.0190709	1
-0.00515504	1
0.00629358	1
0.00275755	1
-0.0330856	1
0.0180701	1
0.0104864	1
-0.0193756	1
0.00772019	1
-0.00903959	1
0.0258873	1
-0.00724881	1
-0.0064449	1
0.0100711	1
0.00702353	1
0.00582067	1
-0.0212272	1
0.0163293	1
0.0150893	1
0.0182761	1
-0.0155124	1
-0.0120928	1
0.00886965	1
0.024009	1
-0.0145347	1
-0.00371344	1
0.00833328	1
-0.00080876	1
0.0131149	1
-0.00607414	1
-0.00791032	1
-2.50386e-05	1
0.017428	1
-0.0050527	1
-0.0066478	1
-0.0082519	1
-0.00277506	1
-0.0108839	1
0.0188564	1
-0.00699431	1
-0.00578202	1
-0.0213325	1
-0.00818662	1
-0.0121285	1
-0.0084991	1
0.0253494	1
0.0040662	1
0.0252742	1
0.0176233	1
-0.00221796	1
0.0147693	1
-0.00179114	1
0.0099787	1
0.0145062	1
0.0137464	1
0.0133838	1
0.00219945	1
0.0166275	1
0.00365457	1
0.0238763	1
-0.0193481	1
0.0323295	1
0.0122075	1
0.0208162	1
0.0273883	1
0.0216901	1
0.0537888	1
0.0377009	1
0.000182289	1
0.00984427	1
-0.00563183	1
0.00476565	1
0.0224545	1
-0.0035132	1
0.00370073	1
0.0228483	1
-0.0052863	1
0.0240315	1
-0.0342564	1
0.00729856	1
0.00601228	1
-0.0197532	1
-0.0174655	1
0.00470887	1
-0.00670155	1
0.0226536	1
0.0342476	1
0.039558	1
-0.000535965	1
0.00952913	1
0.0314384	1
0.0137992	1
-0.00518196	1
0.0137254	1
0.00674866	1
0.00272243	1
0.00729013	1
-0.0166489	1
0.00638358	1
-0.025738	1
0.0174655	1
-0.00832708	1
-0.0162961	1
0.0202285	1
-0.0195493	1
0.00390188	1
0.000466663	1
-0.00744636	1
0.0090893	1
-0.00249988	1
-0.00991133	1
0.00436631	1
0.00771498	1
0.0421897	1
0.0194804	1
0.0112375	1
0.0168884	1
-0.00687657	1
0.00481977	1
-0.0053704	1
0.0106166	1
0.00207896	1
0.000935565	1
0.0252309	1
0.0269579	1
-0.0126284	1
-0.0114187	1
-0.00289931	1
-0.00495235	1
-0.0014964	1
0.0215224	1
0.0114152	1
-0.0278461	1
0.0123239	1
0.0219225	1
0.0237521	1
0.0112368	1
-0.0102861	1
0.0320522	1
0.0162049	1
0.00216812	1
0.0114558	1
0.0121551	1
0.0150782	1
0.0182965	1
0.0249502	1
-0.0165776	1
0.00499181	1
0.0269032	1
0.0141345	1
-0.021641	1
-0.00333177	1
0.00016705	1
-0.00626199	1
0.0261188	1
-0.0117233	1
-0.0205348	1
-0.00803673	1
0.00371217	1
0.0156107	1
-0.00326557	1
0.0264149	1
0.007807	1
0.00451428	1
0.0107337	1
0.0242316	1
-0.00122083	1
-0.0136314	1
0.0103287	1
0.000838077	1
0.00809371	1
0.00379436	1
0.0187784	1
0.0148526	1
-0.00420117	1
0.0139927	1
0.00961323	1
-0.00428741	1
0.00426561	1
-0.0129154	1
0.0102488	1
0.020602	1
-0.00420324	1
0.0149901	1
0.0115167	1
-0.0169545	1
0.0146158	1
-0.00593308	1
0.0031143	1
0.00430524	1
0.00590479	1
0.00774513	1
0.00440848	1
-0.0304611	1
0.0247055	1
-0.00423779	1
0.0184696	1
0.0162815	1
0.00326303	1
-0.00187301	1
-0.00900622	1
0.026937	1
0.0113577	1
0.00435554	1
-0.00702429	1
0.000333096	1
-0.00733755	1
0.00482511	1
-0.00399524	1
0.0251864	1
0.00429556	1
0.00838575	1
0.00568943	1
-0.0103832	1
0.000189575	1
0.0151028	1
0.00249463	1
-0.00601223	1
0.0047598	1
0.005809	1
0.00286977	1
0.0155815	1
0.0121917	1
-0.00204093	1
-0.0144591	1
0.0112157	1
0.0203227	1
0.00468629	1
-0.00792383	1
-0.012981	1
-0.00629139	1
-0.00229108	1
0.00585744	1
-0.00546702	1
-0.010358	1
0.00199223	1
0.0148898	1
0.00821607	1
0.0142831	1
0.0106896	1
0.0276102	1
0.0189594	1
0.0134252	1
-0.0122375	1
-0.00488644	1
-0.0110389	1
-0.00822927	1
-0.0177975	1
0.00993706	1
0.0165072	1
0.00217946	1
0.00886721	1
0.00117349	1
0.00436124	1
0.0238927	1
-0.0114872	1
-0.00637118	1
-0.0125054	1
0.00396811	1
0.0375063	1
-0.000669949	1
0.0154454	1
0.0130911	1
-0.00540569	1
0.013594	1
0.000846308	1
0.023273	1
0.0222581	1
0.00789477	1
-0.00677267	1
-0.0179877	1
0.0110612	1
0.0278233	1
0.000132073	1
0.0257964	1
0.00626931	1
0.00563024	1
0.0203569	1
0.0509846	1
0.0340026	1
0.00478636	1
0.00201092	1
0.0104286	1
0.00623777	1
-0.00407259	1
-0.000946567	1
0.0102841	1
0.0211173	1
-0.00463034	1
-0.00595005	1
0.0250463	1
0.0118562	1
0.0116829	1
0.0195496	1
0.00857111	1
-0.0122425	1
0.0234963	1
0.020852	1
0.00820922	1
0.0120198	1
0.0175425	1
-0.00862201	1
0.0199531	1
0.00479919	1
0.0251179	1
0.00315979	1
-0.00690904	1
-0.00188634	1
-0.00588811	1
-0.0208707	1
0.00129085	1
0.0124626	1
0.0208854	1
-0.0118771	1
0.01396	1
0.00768275	1
0.0118821	1
-0.0108267	1
0.0204786	1
0.0285239	1
-0.0146487	1
0.0238463	1
-0.00507892	1
0.0110777	1
0.00431212	1
0.00478683	1
0.00817738	1
0.0349626	1
0.00185293	1
0.00553231	1
-0.00915275	1
0.037297	1
0.0132134	1
0.000309428	1
0.0233575	1
0.0125328	1
0.000603633	1
0.00269491	1
-0.00136547	1
0.00936359	1
0.00716957	1
-0.0112446	1
0.0212703	1
-0.012928	1
-0.00151179	1
0.00270736	1
0.00424066	1
0.0290462	1
0.0138949	1
0.00283656	1
0.0147394	1
0.0285368	1
0.0121863	1
-0.00908937	1
0.00340953	1
0.013973	1
-0.0236431	1
0.0242563	1
-0.0121283	1
0.0357493	1
-0.0240199	1
0.0108339	1
-0.0115189	1
0.00612103	1
-0.00498581	1
0.0053406	1
0.00145535	1
0.00661594	1
0.00392004	1
0.0106622	1
-0.0222395	1
-0.00528528	1
0.00559357	1
0.0263185	1
0.00193626	1
-0.012922	1
0.0119764	1
0.0024104	1
0.0283921	1
-0.00511968	1
0.00356431	1
-0.00802986	1
0.00843334	1
0.0170888	1
0.00206889	1
0.0197376	1
0.0131301	1
-0.0146884	1
0.0108478	1
0.00630533	1
0.005649	1
0.0271689	1
0.0117122	1
0.00896031	1
0.000504204	1
0.0110602	1
0.00650319	1
0.0281881	1
-0.00527325	1
-0.00113853	1
-0.00606018	1
0.0136645	1
0.0361647	1
-0.00443453	1
0.00317553	1
0.021807	1
0.0262628	1
0.00243935	1
0.00558042	1
-0.0239458	1
0.0126094	1
0.00459943	1
0.00432571	1
0.00778531	1
0.0110057	1
0.0157966	1
0.0376239	1
0.0170757	1
-0.00903532	1
0.00954039	1
0.00765946	1
0.0172078	1
4.67959e-05	1
0.013989	1
-0.0223523	1
-0.0145075	1
0.0211056	1
0.01311	1
0.0196813	1
0.0205391	1
-0.000585102	1
-0.00390873	1
0.0220625	1
-0.00970872	1
0.0260942	1
0.00835127	1
0.0177748	1
-0.00757808	1
0.00254104	1
0.0063517	1
0.0285719	1
0.0129703	1
0.0102069	1
-0.0108693	1
-0.0229965	1
0.022285	1
0.0157464	1
0.010847	1
0.0265162	1
0.0269131	1
0.00240371	1
0.0079407	1
0.0162245	1
-0.0161525	1
-0.0111723	1
-0.0079341	1
0.00731544	1
-0.0170359	1
-0.0228831	1
0.00330672	1
-0.00827446	1
0.0175267	1
0.00334006	1
-0.00696865	1
-0.00336033	1
0.0203025	1
0.0356763	1
0.00109543	1
-0.00886139	1
0.0283332	1
0.00715412	1
0.0254182	1
0.011218	1
-0.00471225	1
0.00796346	1
-0.0134204	1
0.0155927	1
0.00302942	1
0.00303681	1
0.0362092	1
0.022757	1
0.0473175	1
0.0213444	1
0.00916624	1
0.0179724	1
0.00232949	1
0.0166187	1
0.0193129	1
-0.0151415	1
0.00275537	1
0.00518246	1
-0.000724923	1
-0.00664512	1
0.00541121	1
0.00367874	1
0.020603	1
0.0193373	1
0.0159587	1
-0.00102168	1
0.0277316	1
0.00699802	1
0.0117243	1
0.0155232	1
0.0292976	1
0.0205733	1
0.00583327	1
0.0223468	1
0.00980043	1
-0.0173016	1
-0.0233575	1
0.0156559	1
-0.0220834	1
-0.00177167	1
0.0116712	1
-0.00190317	1
-0.00130834	1
-0.00251375	1
0.0150986	1
0.00711891	1
0.029981	1
0.023592	1
-0.00373941	1
-0.0103463	1
-0.00886196	1
-0.00685862	1
0.013712	1
0.0244245	1
-0.00440125	1
0.0117584	1
0.00071317	1
0.0210162	1
0.0217198	1
0.0207139	1
0.0148806	1
-0.00234857	1
0.031365	1
0.0252732	1
-0.0067994	1
0.0078604	1
0.0212419	1
-0.0141908	1
0.0307674	1
-0.0102257	1
0.00226174	1
-0.0011311	1
0.0167734	1
0.0194665	1
0.0342293	1
0.033537	1
0.012756	1
-0.00673599	1
-0.00118106	1
0.000554035	1
-0.0242017	1
0.0224833	1
-0.00258559	1
-0.00364178	1
0.00789923	1
0.0100596	1
0.011208	1
-0.00609586	1
0.0164458	1
0.00257144	1
0.0260521	1
-0.00134313	1
-0.0114939	1
-0.0224692	1
-0.0123903	1
-0.0393668	1
0.00771288	1
-0.00028657	1
0.00796398	1
-0.0160652	1
-0.0153088	1
-0.00455349	1
0.0233134	1
-0.00586836	1
0.00862136	1
0.00246842	1
-0.000400959	1
0.00203738	1
0.0236098	1
0.0163064	1
0.00105425	1
-0.00821221	1
0.0296004	1
0.0272902	1
-0.0133519	1
0.02071	1
-0.00946961	1
-0.00398518	1
0.022836	1
0.0301011	1
-0.0264334	1
0.00339054	1
0.00552462	1
0.0209794	1
0.0178935	1
-0.000557779	1
0.00569499	1
-0.00186521	1
0.0161651	1
0.00491099	1
0.00161319	1
-0.024903	1
0.00775145	1
-0.00357602	1
-0.0105047	1
0.0078397	1
-0.00400899	1
0.0139256	1
0.0139489	1
0.0035314	1
0.0200416	1
0.024201	1
0.0105974	1
0.0162188	1
0.00791756	1
0.00927231	1
0.00598069	1
0.00336124	1
-0.00347508	1
-0.00219891	1
0.0467321	1
0.0089391	1
-0.00699063	1
-0.0223006	1
0.0036264	1
0.0190142	1
0.016456	1
0.00460959	1
0.00460959	1
0.0171576	1
0.0230265	1
0.0106019	1
0.00111695	1
0.0127546	1
0.0276869	1
0.0166622	1
0.0307213	1
0.00982502	1
-0.000600438	1
0.0348182	1
-0.00170044	1
0.0195664	1
0.00939885	1
0.0166375	1
0.0148051	1
-0.00373633	1
0.00328507	1
0.00132412	1
0.0280291	1
0.000873073	1
0.00477593	1
-0.00481671	1
0.0210035	1
0.0240756	1
-0.00110297	1
0.0116737	1
0.00386723	1
0.0192326	1
0.0309754	1
0.00320275	1
0.000728546	1
0.0579991	1
-0.00607215	1
0.00396989	1
-0.00746037	1
-0.0105497	1
-0.00247849	1
-0.000712238	1
0.00165791	1
0.00462739	1
-0.00702717	1
0.0121839	1
0.044281	1
-0.00841514	1
0.00805505	1
0.0238542	1
0.0206275	1
0.0233245	1
0.0201381	1
-0.012635	1
0.00500206	1
-0.00432075	1
0.00788251	1
-0.00491005	1
0.00788129	1
0.00378925	1
0.0201026	1
-0.0095613	1
0.0266033	1
0.00975853	1
0.00463054	1
0.00741039	1
0.00741039	1
-0.00287483	1
0.0202377	1
0.0295666	1
0.000431275	1
0.0235068	1
0.00832178	1
0.048827	1
0.0177702	1
-0.00492683	1
0.00319179	1
0.02126	1
0.020491	1
0.000596618	1
-0.00290698	1
-0.00146813	1
0.0101793	1
0.00311001	1
0.00697121	1
0.00876671	1
-0.0271974	1
-0.0145852	1
-0.00944438	1
0.0273879	1
0.021351	1
-0.00607323	1
0.00442654	1
-0.0118685	1
0.00812627	1
-0.00662604	1
0.0162701	1
0.00543887	1
0.0429931	1
0.0225746	1
0.0095291	1
0.0106097	1
0.0110185	1
0.00864958	1
0.0179982	1
0.0102271	1
0.0195817	1
0.0127921	1
-0.0157165	1
0.0144697	1
-0.015388	1
0.0362392	1
0.0115801	1
0.0362233	1
0.015144	1
0.0120631	1
-0.00218846	1
0.0149093	1
-0.0118752	1
-0.00873991	1
0.0100324	1
-0.00540035	1
-0.00787575	1
-0.00113125	1
-0.00783746	1
0.0193779	1
0.0193986	1
0.0125616	1
0.0157715	1
0.0215521	1
0.0250572	1
0.00707921	1
0.0256434	1
0.00607161	1
0.00477577	1
-0.0133325	1
0.0131364	1
-0.00834209	1
-0.0180309	1
0.0140495	1
0.00465398	1
0.00585446	1
0.0226141	1
0.036745	1
-0.0126414	1
0.00718169	1
0.0121246	1
0.00963015	1
0.0123513	1
-0.000936015	1
0.0121474	1
-0.00101677	1
0.0127031	1
0.0109853	1
-0.00468044	1
-0.00557577	1
-0.0212377	1
0.0104249	1
0.0137823	1
0.000138638	1
0.0175797	1
-0.0247524	1
0.0103395	1
-0.0107879	1
-0.00680301	1
-0.00474514	1
0.011118	1
0.00220167	1
0.0204345	1
0.00932956	1
0.00820367	1
-0.00330611	1
0.0101264	1
0.0138896	1
-0.0257091	1
0.0101633	1
-0.00327714	1
0.00131692	1
-0.00680123	1
0.0133749	1
-0.0196407	1
0.0145197	1
0.00455069	1
0.0100436	1
-0.0197064	1
0.0180632	1
0.0364692	1
0.00559621	1
0.00714033	1
0.0103103	1
0.00969326	1
0.00051419	1
-0.0020828	1
-0.00377007	1
0.0290489	1
0.0161173	1
0.0365201	1
0.00563208	1
0.00686252	1
-0.00364378	1
0.0242251	1
0.0540497	1
-0.00235727	1
0.0263939	1
0.0189451	1
0.0118555	1
0.0274994	1
0.00814735	1
-0.0126186	1
0.0195473	1
-0.0071201	1
0.0315017	1
0.030993	1
0.00171864	1
0.00525895	1
0.0420723	1
0.0134372	1
0.0184057	1
0.00358964	1
0.0102938	1
0.0147997	1
-0.0211409	1
0.0102422	1
0.010794	1
0.0273855	1
0.00108132	1
0.0103257	1
-0.00908286	1
0.021743	1
-0.00414423	1
-0.00348704	1
0.0022781	1
0.00393507	1
0.00425809	1
0.0137669	1
-0.00112929	1
0.000709285	1
-0.00820365	1
0.0184912	1
0.00948015	1
-0.00488387	1
0.00560133	1
0.0098338	1
0.00128804	1
0.0180417	1
-0.00125043	1
-0.00439324	1
0.010664	1
0.0122043	1
0.000733657	1
-0.0135433	1
0.0141323	1
0.00594787	1
0.020005	1
-0.00283929	1
0.000625429	1
0.0207263	1
-0.00155207	1
-0.00665875	1
0.005687	1
-0.00614193	1
-0.00248089	1
0.00996698	1
-0.0143463	1
0.025009	1
0.00776425	1
0.0110675	1
0.0261741	1
0.029143	1
0.0305265	1
0.0132512	1
-0.00886722	1
0.0291061	1
-0.00309207	1
0.00564473	1
-0.00412389	1
0.00996877	1
0.00898175	1
0.0429623	1
0.0298772	1
0.00250997	1
0.0124547	1
-0.00701073	1
0.0113067	1
0.00388845	1
0.0114809	1
0.00206938	1
0.0187753	1
0.0252775	1
0.00911732	1
0.0279055	1
0.0071529	1
0.038646	1
0.0198042	1
0.00709357	1
0.0157	1
0.0185969	1
0.0136216	1
0.0252116	1
0.00373656	1
0.0129743	1
0.0218819	1
-0.00489657	1
-0.0107867	1
0.0369252	1
-0.00176858	1
0.00397497	1
-0.00483815	1
0.00667572	1
0.00207272	1
0.00657789	1
-0.00769506	1
0.0179138	1
0.0339719	1
0.0202093	1
0.0148374	1
0.00837514	1
0.0380504	1
0.00249132	1
-0.0188259	1
0.00925181	1
0.0071148	1
-0.00141964	1
0.0030539	1
0.0183292	1
0.0043141	1
0.011653	1
0.0258916	1
0.00952088	1
0.0194714	1
0.00893859	1
-0.0103697	1
0.0203168	1
-0.0069488	1
0.017271	1
-0.00705682	1
-0.00427861	1
0.0296989	1
0.0220071	1
-0.000594535	1
-0.00942409	1
0.00416468	1
-0.00383828	1
0.0177757	1
0.00579963	1
-0.0145106	1
0.00883144	1
0.00111566	1
0.0170115	1
0.0231038	1
-0.00642701	1
0.022596	1
-0.0203043	1
0.016796	1
0.0471668	1
0.0310961	1
-0.0121722	1
0.0131031	1
-0.00059535	1
0.01003	1
-0.00703779	1
0.0285931	1
-0.00601471	1
-0.00931192	1
0.022282	1
0.0175889	1
-0.0135266	1
-0.0339097	1
0.0381636	1
0.0217227	1
0.0133133	1
-0.0259494	1
0.00170536	1
0.023551	1
0.0142302	1
0.0269091	1
0.00287725	1
0.013128	1
0.019291	1
0.0150913	1
-0.00156825	1
0.030751	1
0.0293205	1
-0.000510913	1
0.0156568	1
-0.00205978	1
0.0162895	1
0.0162895	1
6.12926e-05	1
0.00756951	1
0.0279891	1
0.0145998	1
0.035617	1
0.0239623	1
0.00626534	1
-0.00511802	1
-0.0213154	1
0.00842086	1
0.0198703	1
0.00655661	1
-0.00593278	1
0.0176633	1
0.010799	1
0.00912526	1
0.0300989	1
0.0042778	1
0.0313075	1
0.0179391	1
0.00437952	1
0.0158527	1
-0.0196966	1
0.00167143	1
0.00850491	1
0.00805912	1
-0.0215076	1
0.00217728	1
0.00821272	1
0.00422645	1
0.00971419	1
-0.00901428	1
0.00496887	1
0.00277814	1
-0.0242673	1
-0.00172917	1
0.0188256	1
0.00401929	1
-0.00153424	1
-0.0116102	1
0.00715672	1
0.0257907	1
0.0146119	1
-0.00486633	1
0.0123018	1
0.0330655	1
0.00129127	1
-0.00824044	1
0.0218225	1
-0.0210033	1
0.0109414	1
-0.0226156	1
-0.00889366	1
0.000392831	1
0.0318163	1
0.0070292	1
0.0183346	1
-0.00813516	1
0.0200515	1
-0.00162413	1
-0.00992087	1
0.00936747	1
-0.00495724	1
-0.00545272	1
-0.00159237	1
-0.00800279	1
0.023529	1
0.0204209	1
0.0166233	1
0.00706072	1
0.00489271	1
0.0174907	1
0.0244235	1
-0.00540919	1
0.00347862	1
0.0232378	1
0.00641665	1
0.0155938	1
0.0181075	1
-1.19606e-05	1
0.0161684	1
-0.00813292	1
1.46373e-05	1
0.00233905	1
0.00358405	1
0.00179109	1
-0.0117293	1
0.00923102	1
-0.00367817	1
-0.000755941	1
-0.0118919	1
-0.0174559	1
0.0308087	1
-0.000902359	1
-0.0151035	1
-0.00847141	1
0.00139306	1
0.0108332	1
-0.00209352	1
0.016367	1
0.00576213	1
0.0237089	1
0.0214076	1
0.0127782	1
0.00098698	1
-0.0122287	1
-0.00440856	1
0.0282352	1
0.0246558	1
0.00470953	1
0.0185607	1
-0.0120316	1
0.0206396	1
-0.0145121	1
0.0142746	1
-0.00293329	1
0.00791053	1
0.0141923	1
0.0157616	1
-0.011513	1
-0.0229955	1
0.00181777	1
0.00998522	1
-0.0205	1
0.0130752	1
0.00446841	1
0.0172408	1
-0.0148529	1
-0.0175281	1
0.00708205	1
-0.000648022	1
-0.0181826	1
-0.00460343	1
0.013106	1
0.0109503	1
0.00416886	1
-0.00878602	1
0.0204011	1
-0.00755251	1
-0.0131043	1
0.00906007	1
-0.0106934	1
0.00570079	1
0.0163221	1
0.0211247	1
0.0146126	1
0.0235507	1
0.0182782	1
-0.0184013	1
-3.25865e-05	1
-0.0185645	1
0.00421992	1
0.00668995	1
0.00624506	1
0.0200866	1
0.0201559	1
0.0122512	1
0.00266438	1
0.00843107	1
0.00322325	1
0.0166991	1
0.0388244	1
0.0200922	1
-0.00412626	1
0.0224544	1
0.020721	1
0.00570766	1
0.00683498	1
-0.00122143	1
0.00386242	1
0.0233626	1
0.00543059	1
-0.000771297	1
0.0336598	1
0.0101751	1
-0.00344925	1
0.00464682	1
0.0046387	1
-0.00312466	1
0.00629711	1
-0.00448562	1
0.0291413	1
0.00695206	1
0.0140895	1
0.0173442	1
-0.0026212	1
0.000562518	1
0.0161435	1
0.0167561	1
-0.000130581	1
-0.0078283	1
0.0191121	1
-0.00578767	1
0.000642017	1
0.0278587	1
-0.0258114	1
0.0219208	1
-0.0223843	1
0.00199885	1
-0.01372	1
-0.00409243	1
0.00631278	1
-0.00864871	1
-0.0017809	1
0.0141526	1
-0.0116426	1
8.29833e-05	1
0.0113105	1
-0.00413644	1
0.00703815	1
0.0120604	1
0.0161624	1
0.00856184	1
-0.000874628	1
0.0167786	1
-0.00864442	1
-0.00667537	1
0.0116817	1
0.0455836	1
-0.0135634	1
0.0305301	1
0.00477806	1
-0.00517036	1
0.0113429	1
0.00759014	1
0.00699725	1
-0.00502276	1
0.00585346	1
-0.00462119	1
-0.00513796	1
0.0085421	1
-0.00798108	1
0.0229757	1
0.014652	1
0.00309788	1
0.00828993	1
-0.000347322	1
-0.00749441	1
-0.0119941	1
-0.0180589	1
-0.00338799	1
0.0129055	1
0.0129055	1
0.0178634	1
-0.00274939	1
0.0124642	1
-0.0075797	1
-0.0188081	1
-0.0220515	1
0.000738544	1
0.0127583	1
-0.0112569	1
-0.00959103	1
0.00499561	1
0.0062831	1
0.000235069	1
0.0179682	1
-0.00337274	1
0.0305295	1
0.0305092	1
0.00463959	1
0.0208755	1
0.0366893	1
-0.011659	1
0.000803538	1
0.0263275	1
-0.00333777	1
-0.0096071	1
-0.00772149	1
-0.0067202	1
0.0113982	1
0.0261817	1
0.0193107	1
0.00377129	1
0.00582285	1
0.0330582	1
0.0149447	1
-0.0297019	1
-0.0101263	1
0.00781382	1
0.0276434	1
0.023694	1
0.00825651	1
0.00777819	1
0.0175865	1
0.0130898	1
-0.0135216	1
0.0124176	1
0.0157779	1
0.0193597	1
-0.0108497	1
0.014128	1
-0.00944276	1
-0.00310885	1
0.00316478	1
0.0156604	1
0.00538891	1
-0.00636226	1
-0.00208533	1
0.00241052	1
-0.00434459	1
0.0167838	1
0.0254329	1
0.0174927	1
0.0131097	1
0.0164766	1
0.0172832	1
0.00586836	1
0.0176624	1
0.00115977	1
0.0167779	1
-0.00183473	1
0.0190372	1
-0.00443089	1
-0.00863252	1
0.0160845	1
-0.00910447	1
0.00023795	1
-0.0147993	1
0.0114127	1
0.00470287	1
0.016745	1
0.00780397	1
0.0283364	1
-0.00267682	1
0.0375753	1
0.000424106	1
-0.00080291	1
-0.0154454	1
0.00589134	1
-0.0154045	1
-0.00147258	1
-0.00427348	1
-0.0128844	1
-0.00328974	1
-0.00536679	1
0.0047696	1
-0.0164638	1
-0.00809897	1
-0.00139251	1
-0.00377184	1
-0.0083606	1
0.015438	1
0.0263986	1
0.023426	1
0.0240648	1
0.00157943	1
0.0225676	1
0.0197924	1
-0.0108729	1
-0.0157672	1
0.0312375	1
-0.0100686	1
-0.00924405	1
-0.00279415	1
0.0051796	1
0.0053405	1
0.0308897	1
0.0154926	1
0.0240586	1
0.00747494	1
0.00855086	1
0.0116701	1
0.00720942	1
0.0179265	1
0.0142904	1
-0.00213306	1
0.00992658	1
0.0108618	1
0.00411692	1
0.0150781	1
-0.0110942	1
-0.0178704	1
0.010945	1
0.0214243	1
0.000648541	1
0.0112653	1
0.000333285	1
0.00530837	1
0.0216591	1
0.00210953	1
0.0137113	1
0.00759395	1
0.019606	1
0.0252469	1
-0.00261491	1
-0.00555148	1
-0.00777345	1
-0.024967	1
0.00888076	1
0.01364	1
0.00603215	1
0.0228812	1
0.0116621	1
0.0194496	1
-0.00907282	1
0.0144897	1
0.0180438	1
0.000750666	1
0.0175363	1
-0.0119588	1
0.00785953	1
-0.00246677	1
0.0218465	1
-0.0135379	1
0.0180184	1
-0.00233203	1
0.00404826	1
0.0108922	1
-0.000319329	1
-0.00593778	1
0.0104024	1
0.0229594	1
0.0103012	1
0.0102279	1
0.00277323	1
0.00489805	1
0.0118228	1
0.00263961	1
0.0179618	1
0.00771054	1
-0.00462374	1
0.0140719	1
0.0153257	1
0.00856395	1
0.00397797	1
0.00928294	1
0.0115274	1
-0.0150169	1
0.0205644	1
0.0280882	1
0.0302146	1
0.0239782	1
-0.00830624	1
0.0284749	1
0.00848997	1
0.0110324	1
-0.00267395	1
0.00466709	1
0.0205724	1
0.0180148	1
0.0253146	1
0.0186133	1
0.0215469	1
-0.00692984	1
0.000829819	1
0.00991722	1
0.0195201	1
-0.00546505	1
0.0227389	1
-0.010064	1
0.0119692	1
0.0343024	1
0.020743	1
0.00124797	1
-0.00690412	1
-0.0179237	1
0.0246477	1
0.024325	1
0.0169738	1
0.00264996	1
0.000997839	1
0.0125036	1
0.0206408	1
0.00374198	1
0.0118743	1
0.000662507	1
-0.0100416	1
0.0221682	1
-0.00453906	1
0.0235288	1
-0.000334732	1
0.00375841	1
0.0355824	1
-0.00119161	1
0.00818409	1
0.0368939	1
0.0349902	1
-0.00157779	1
-0.0194724	1
0.00686568	1
0.022035	1
0.0125574	1
0.000650859	1
0.0236716	1
0.0111419	1
0.00994138	1
0.031159	1
-0.0105492	1
0.0142974	1
-0.00789116	1
0.0149124	1
0.0203666	1
-0.017703	1
0.0408457	1
-0.0198748	1
0.0201784	1
0.00558881	1
0.00691841	1
0.0212049	1
-0.0115359	1
0.0252152	1
-0.00164765	1
-0.00310446	1
-0.000413219	1
0.00303279	1
0.00146973	1
0.00380062	1
0.00294556	1
0.016959	1
-0.0168447	1
0.00120481	1
-0.0104914	1
0.0180715	1
0.011136	1
-0.00882184	1
0.00326898	1
0.00956757	1
0.0145869	1
-0.0191025	1
0.00724088	1
-0.0103618	1
0.0377498	1
0.0226962	1
0.00217587	1
-0.00510991	1
0.0103604	1
0.0158002	1
0.0230928	1
0.00299296	1
-0.00341455	1
0.0126834	1
-0.00402028	1
0.0359653	1
0.00765711	1
0.00522046	1
0.0146003	1
0.0199149	1
0.00568627	1
-0.0029156	1
-0.00851365	1
0.00985793	1
0.0272844	1
0.00917354	1
0.00620967	1
0.00113013	1
-0.0190551	1
0.0168618	1
0.0169971	1
-0.00298797	1
-0.00835993	1
0.0163514	1
-0.0123514	1
0.0211569	1
0.0140968	1
0.0285199	1
0.0201169	1
-0.0338952	1
0.0204505	1
0.00222296	1
0.00997889	1
0.0109056	1
-0.011283	1
0.0223762	1
0.0390269	1
0.0116479	1
-0.00145531	1
0.0179933	1
-0.00757921	1
0.0311101	1
0.0131472	1
-0.00432936	1
0.017006	1
0.0123009	1
0.00229271	1
0.0186982	1
0.0058878	1
-0.0081039	1
-0.00243472	1
0.0128986	1
0.00254659	1
0.000825685	1
0.00799642	1
0.00821655	1
-0.0123912	1
0.0288345	1
0.0337848	1
0.036213	1
-0.0153735	1
0.00267613	1
0.000186875	1
0.0136499	1
0.0164999	1
-0.00348146	1
0.00894952	1
0.00893286	1
0.0185103	1
0.0325821	1
0.00646064	1
-0.00126579	1
-0.0253168	1
-0.00161748	1
0.00795177	1
-0.0149016	1
-0.0252242	1
-0.0069588	1
0.00989677	1
0.00388001	1
0.0386054	1
0.0184202	1
0.0323009	1
0.0142288	1
-0.026864	1
0.028534	1
-0.00905777	1
0.0221571	1
0.013765	1
-0.00956919	1
0.00995317	1
0.012458	1
-0.00306715	1
0.0175029	1
-0.0029096	1
0.0280562	1
0.000399806	1
-0.012467	1
0.0408275	1
0.021288	1
0.00631285	1
0.0362587	1
-0.0221532	1
-0.00125067	1
0.00893133	1
0.00893133	1
0.0137595	1
0.00173462	1
-0.0213286	1
-0.00675058	1
0.00795217	1
0.00459521	1
-0.00366474	1
0.0100916	1
0.0198009	1
-0.00476813	1
0.0152974	1
0.0166471	1
0.0304678	1
0.0260513	1
0.0262288	1
0.0224198	1
0.0190766	1
0.00607545	1
-0.0261638	1
0.00334345	1
0.00351359	1
0.0160346	1
0.0142321	1
0.0165575	1
0.00233726	1
0.00656677	1
0.0157742	1
0.0200852	1
0.00396876	1
0.007582	1
0.0152948	1
0.00217449	1
0.00443292	1
0.00499214	1
-0.0206297	1
-0.0062299	1
0.00927074	1
-0.00872155	1
0.0281742	1
-0.00602263	1
0.00847003	1
0.016632	1
0.0115239	1
0.0111284	1
-0.00182605	1
-0.00214095	1
-0.00475559	1
0.023092	1
0.00059473	1
0.0255623	1
-0.0184103	1
0.0319058	1
0.0312914	1
0.0254929	1
0.00292609	1
0.037561	1
0.0144478	1
0.00218694	1
0.0201053	1
0.00259379	1
0.017079	1
-0.00746488	1
0.012139	1
-0.0169662	1
0.0224412	1
-0.0010742	1
0.00811595	1
0.0318989	1
0.0155252	1
0.0127254	1
-0.00312603	1
0.00929109	1
-0.00303245	1
-0.0219928	1
0.0280578	1
0.0202921	1
-0.0135695	1
0.0188714	1
0.00388914	1
0.0143653	1
0.00357671	1
0.00876785	1
-0.00727202	1
-0.0084357	1
-0.0126251	1
-0.00944694	1
0.00227886	1
0.0127013	1
-0.0131237	1
0.00863844	1
-0.00531144	1
0.0261051	1
-0.00064479	1
-0.0198082	1
0.00901924	1
0.020512	1
0.020512	1
0.0307392	1
-0.00452197	1
0.00263702	1
0.0177233	1
0.0279853	1
0.011192	1
0.00403814	1
0.0204702	1
-0.00421016	1
0.0230754	1
0.000334033	1
0.000270939	1
-0.00166176	1
-0.00821872	1
0.0263704	1
-0.0125791	1
-0.00381466	1
-0.00383793	1
0.0152592	1
0.00853272	1
-0.0100809	1
-0.0117249	1
-0.00945954	1
0.000277188	1
0.00373436	1
0.00504998	1
-0.0261979	1
-0.0112029	1
0.0408825	1
0.00819084	1
0.0194193	1
-0.00323003	1
0.00857028	1
0.00287837	1
0.00629828	1
0.030888	1
0.00729188	1
-0.00527786	1
0.000304917	1
0.0337307	1
0.0217241	1
0.0221239	1
0.0122088	1
0.0315144	1
-0.0275177	1
0.0128925	1
0.000218062	1
0.0182643	1
-0.000719579	1
0.0174959	1
-0.000671534	1
-0.00739698	1
0.0380047	1
0.00846972	1
0.0137925	1
0.00110923	1
0.0166891	1
-0.00429028	1
0.0149579	1
0.0218957	1
-0.00583955	1
0.0175894	1
-0.00352365	1
0.00173363	1
0.00308767	1
0.00479238	1
-0.00548505	1
0.0187481	1
-0.00356633	1
0.00642547	1
0.019656	1
0.0260581	1
0.00853059	1
0.00465687	1
0.0173905	1
-0.00608913	1
-0.00415161	1
0.0123681	1
0.011098	1
0.0310325	1
0.0191783	1
0.0105737	1
0.0186703	1
0.030067	1
0.00636368	1
0.0183482	1
0.0244452	1
0.020835	1
0.00484535	1
-0.0185996	1
0.000273323	1
0.0125566	1
0.00757598	1
0.0102721	1
0.011857	1
0.0167413	1
-0.0118214	1
-0.00507251	1
-0.00624953	1
0.00816259	1
0.00503992	1
0.0132896	1
0.0310375	1
0.00143536	1
-0.0112051	1
-0.00106213	1
0.0148343	1
0.0143679	1
0.00106991	1
0.0140977	1
-0.000415263	1
-0.000346047	1
0.0214151	1
0.0115922	1
0.00790088	1
-0.00158379	1
0.00507906	1
0.0181996	1
-0.00431904	1
0.0136891	1
-0.00706603	1
0.00265113	1
0.0196069	1
0.00843164	1
0.0346112	1
-0.015053	1
0.0243715	1
0.0274165	1
-0.0110025	1
0.0102625	1
0.00294976	1
-0.00123945	1
0.00323734	1
0.000623966	1
0.0145553	1
0.00461568	1
0.0153381	1
0.0111144	1
-0.00619712	1
0.00532109	1
0.0225199	1
-0.00154853	1
0.0105813	1
0.0288696	1
0.0215697	1
0.0121699	1
0.00262651	1
0.00169737	1
0.0103642	1
0.00230641	1
0.0077748	1
0.030641	1
0.0124258	1
0.000450735	1
0.0177772	1
-0.00358188	1
-0.0148178	1
0.0166811	1
-0.0109068	1
-0.00384527	1
-0.0274824	1
0.00330476	1
-0.0100649	1
0.00670569	1
-0.0103904	1
0.0185138	1
-0.00871232	1
-0.0158965	1
0.0220473	1
0.0144785	1
0.00626416	1
0.0195997	1
0.0113737	1
0.0271463	1
-0.00365788	1
0.000582822	1
-0.00904013	1
0.0180716	1
0.0239669	1
0.0334978	1
0.0160259	1
-0.0199302	1
0.0226021	1
0.00169624	1
-0.00417284	1
-0.0187857	1
0.0195399	1
0.020258	1
0.0080659	1
0.0175338	1
-0.005061	1
0.00784103	1
0.00467284	1
-0.00451171	1
0.00376431	1
0.018176	1
0.0166203	1
0.0128014	1
0.0163509	1
-0.00246806	1
0.0109246	1
-0.00661758	1
-0.00125096	1
0.0106548	1
-0.00867097	1
-0.0149242	1
0.0304807	1
0.000300588	1
-0.00610972	1
0.00580745	1
0.0044203	1
-0.00199899	1
0.00531398	1
-0.011136	1
0.0206181	1
-0.0164368	1
0.00861006	1
0.0244066	1
-0.00507727	1
0.000223861	1
-0.00677656	1
0.0119146	1
-0.0231638	1
-0.0171051	1
0.00996191	1
0.0257228	1
0.0116821	1
-0.00777772	1
0.00844734	1
-0.000607565	1
0.00903432	1
0.00729464	1
0.00729464	1
-0.0182358	1
-0.000133818	1
-0.0111882	1
0.0200924	1
0.0126207	1
-0.0188892	1
-0.0231901	1
0.0314892	1
0.0186856	1
0.0478537	1
0.00206268	1
-0.0172354	1
-0.0255217	1
0.0367284	1
-0.00965866	1
0.0013031	1
-0.0336838	1
0.0167162	1
-0.017438	1
-0.00217008	1
0.0227967	1
-0.0115945	1
-0.0220574	1
0.00698889	1
-0.00810848	1
0.0154437	1
0.00775971	1
0.000877699	1
-0.00686878	1
-0.0128821	1
0.0258277	1
0.0270365	1
0.0174772	1
-0.0116823	1
-0.0233003	1
-0.00572974	1
0.0321257	1
0.000314428	1
0.0114982	1
0.00225323	1
0.000316953	1
0.0265475	1
-0.0225868	1
-0.0125577	1
0.0164363	1
0.0140189	1
0.00986284	1
0.00385681	1
0.00833938	1
0.00625165	1
0.011959	1
0.00433319	1
-0.000788651	1
0.00426988	1
0.0129065	1
0.0113146	1
0.00277366	1
0.0013214	1
-0.0132617	1
0.0320485	1
-0.00210299	1
-0.0135244	1
0.0283405	1
0.035912	1
0.0173901	1
-0.00693975	1
7.20112e-06	1
-0.00618713	1
-0.00339143	1
0.0180048	1
-0.00408413	1
0.0155426	1
-0.0215846	1
0.00403184	1
-0.0143503	1
0.0288271	1
-0.00749331	1
0.0105453	1
0.00946627	1
0.0158334	1
-0.00728328	1
0.007033	1
0.00223036	1
-0.0017864	1
-0.00218836	1
0.027977	1
0.00453817	1
0.0236311	1
0.0238486	1
0.00990883	1
-0.0055059	1
-0.00182425	1
-0.0185731	1
-0.0101674	1
0.00566355	1
0.00392356	1
-0.0103326	1
0.0151242	1
0.0113748	1
-0.00123881	1
0.0168734	1
0.00331942	1
0.0136273	1
0.00641151	1
-0.0165637	1
0.0246325	1
-0.0185065	1
0.00308771	1
0.0346718	1
0.00859282	1
0.00231606	1
-0.00499736	1
0.00193336	1
0.0160477	1
-0.00501175	1
0.00147459	1
0.0224773	1
-0.0173301	1
-0.00296615	1
-0.00591533	1
0.0229293	1
-0.0216002	1
0.00958529	1
-0.0223369	1
0.0148735	1
-0.0295756	1
-0.000180511	1
0.00998915	1
0.00591853	1
0.0150525	1
-0.00386882	1
0.0142522	1
0.0084435	1
0.00894418	1
-0.00360805	1
0.0246726	1
0.00968546	1
-0.0270779	1
0.0132813	1
-0.0151736	1
0.0193368	1
0.00387086	1
-0.00121001	1
0.00513738	1
0.00780994	1
-0.00458286	1
-0.0040868	1
0.00884477	1
-0.00280948	1
0.0206094	1
0.0166449	1
0.0139816	1
0.0336107	1
-0.00523698	1
-0.0110407	1
-0.00187458	1
0.0118139	1
-0.00115575	1
0.0155229	1
0.033204	1
-0.0241772	1
0.0332809	1
-0.00678825	1
0.0166976	1
0.00179207	1
0.00285446	1
-0.0170787	1
0.0190838	1
-0.0104625	1
-0.0217838	1
0.0333077	1
-0.00323206	1
0.0186126	1
0.00260169	1
0.0132989	1
-0.00407906	1
0.00717883	1
0.0132976	1
0.019488	1
0.0148899	1
-0.00207526	1
-0.00885126	1
0.0119257	1
0.0421091	1
0.00301171	1
0.0136687	1
0.0262006	1
0.0381765	1
0.00365793	1
-0.00467414	1
0.0227015	1
0.0115987	1
0.0193832	1
0.0299238	1
0.0189476	1
-0.00891636	1
0.0205973	1
0.00157663	1
0.0118821	1
-0.000145518	1
-0.0213114	1
0.0120721	1
0.00105049	1
0.0103228	1
0.0123172	1
0.011827	1
0.00760276	1
-0.00825482	1
-0.0181142	1
0.00838799	1
0.000191677	1
0.00401701	1
0.0213653	1
0.00841451	1
0.0404231	1
-0.000233678	1
0.00632229	1
0.00930441	1
-0.00856953	1
0.0124238	1
0.020892	1
0.000964019	1
-0.0172803	1
-0.00915463	1
-0.00760106	1
-0.0158193	1
-0.00296979	1
0.0155191	1
0.00358187	1
-0.00028163	1
0.0142803	1
0.00962963	1
-0.00533992	1
0.00878207	1
-0.00602147	1
0.00597736	1
0.0193726	1
-0.0144212	1
0.00676066	1
-0.00840463	1
0.0210419	1
0.00113483	1
0.00355311	1
-0.00419208	1
0.0163596	1
0.00694998	1
-0.00257417	1
0.0222087	1
0.0227482	1
0.0432236	1
0.029606	1
0.0299975	1
0.023441	1
-0.0261592	1
-0.00564742	1
0.00319364	1
0.0303302	1
0.00329308	1
0.0016986	1
-0.0166739	1
-0.0159965	1
-0.0140679	1
0.0214723	1
-0.00996262	1
-0.000626048	1
0.00872693	1
-0.0318802	1
0.000932958	1
0.00634656	1
-0.00525589	1
0.00825953	1
-0.00559145	1
0.0246341	1
0.0238368	1
-0.0157062	1
0.00825219	1
-0.0101017	1
-0.0235635	1
0.0152024	1
-0.00321774	1
0.000256843	1
0.00823988	1
0.025568	1
-0.00542985	1
0.0098143	1
0.0183305	1
2.22287e-05	1
0.00669431	1
-0.00380333	1
0.0303011	1
0.0255259	1
-0.00413106	1
0.0237312	1
-0.0123725	1
0.0143218	1
0.005836	1
-0.0161056	1
-0.0161056	1
-0.00317426	1
0.00284184	1
0.00497516	1
0.0210992	1
0.00915838	1
0.00186412	1
0.00375353	1
0.0203437	1
0.00795964	1
0.0154831	1
0.0302847	1
-0.00269129	1
0.00783061	1
-0.00551507	1
-0.0142425	1
0.0296655	1
0.000555708	1
0.01769	1
-0.00368378	1
0.0296229	1
0.0207514	1
-0.00129698	1
0.0219097	1
-0.00157849	1
0.00362197	1
0.0188444	1
-0.00136101	1
0.0136942	1
0.0043786	1
0.0114696	1
0.00143992	1
-0.0111238	1
0.0190409	1
0.00565575	1
0.014268	1
0.0182722	1
0.0109417	1
0.00243187	1
0.00312239	1
0.0023748	1
0.0108808	1
0.025451	1
0.0219517	1
0.0148161	1
0.0154292	1
0.0047382	1
-0.000331163	1
-0.00726422	1
0.00277357	1
0.0136914	1
-0.0138993	1
0.00810689	1
0.0124342	1
0.012276	1
0.026734	1
0.0203684	1
0.00622297	1
-0.0040644	1
0.020567	1
0.0296275	1
0.0290738	1
0.00695718	1
-0.0126118	1
-0.0121921	1
0.0125444	1
0.0250084	1
0.0258262	1
-0.00413397	1
-0.00699985	1
-0.0030674	1
0.002168	1
0.00245427	1
-0.00120713	1
0.00616599	1
0.0257454	1
0.0132787	1
-0.0143112	1
0.00568992	1
-0.00178293	1
0.0103855	1
0.0236605	1
0.0172794	1
-0.0050561	1
0.00150855	1
-0.000707047	1
0.0123031	1
0.0144406	1
-0.0019103	1
-0.0136246	1
-0.00717137	1
0.00652943	1
0.0288273	1
0.0300224	1
-0.00374027	1
0.0248427	1
-0.0078308	1
0.000238574	1
0.040558	1
-0.0150804	1
0.00293731	1
-0.0139857	1
0.0354556	1
0.00890917	1
-0.000810157	1
0.0124333	1
0.0156527	1
0.0074409	1
0.0176333	1
0.0190676	1
-0.00209497	1
0.0172067	1
0.00484488	1
-0.0123477	1
-0.016866	1
0.016754	1
0.0175856	1
0.0168166	1
-0.00782002	1
0.0255253	1
-0.00390074	1
0.00541345	1
-0.00277146	1
0.00089867	1
-0.0109454	1
-0.0265581	1
0.00557967	1
0.00544245	1
-0.00953382	1
-0.00689223	1
0.0219475	1
0.0240219	1
0.00285156	1
0.00260674	1
-0.00938262	1
-0.0155909	1
-0.0039055	1
0.025944	1
-0.0199904	1
0.00442924	1
0.0198881	1
-0.012678	1
-0.00773834	1
0.0173938	1
0.0314224	1
-0.000730445	1
-0.0122942	1
0.0342244	1
-0.00623168	1
0.0190046	1
0.0114775	1
-0.00854432	1
0.01466	1
-0.00839777	1
0.0134415	1
0.0240571	1
-0.00692	1
-0.00429682	1
0.00405302	1
0.00514569	1
0.00108	1
0.0101294	1
-0.00150011	1
0.00722744	1
0.0324227	1
0.0022034	1
0.0204665	1
-0.00330824	1
0.0166716	1
0.00451548	1
0.0104634	1
0.0198621	1
0.0261597	1
0.0173934	1
0.00529711	1
0.0297684	1
0.00594504	1
0.0114147	1
0.0175282	1
-0.0337475	1
0.000951124	1
0.0169478	1
-0.0119598	1
0.0313993	1
0.00706711	1
0.0103815	1
0.00308161	1
0.0341484	1
0.00952342	1
0.0291989	1
0.0343711	1
-3.92771e-05	1
0.0186852	1
0.00722979	1
0.0157876	1
0.00654735	1
0.0330027	1
0.0243215	1
0.0232866	1
0.0203234	1
0.00297417	1
0.022627	1
0.0146084	1
-0.00403415	1
0.0147462	1
0.00984128	1
0.0144579	1
0.00511991	1
0.041063	1
0.032045	1
0.0031709	1
0.00504589	1
0.00735876	1
0.0210443	1
-0.0124552	1
0.0190169	1
0.0131699	1
0.0225396	1
-0.00286288	1
-0.0126566	1
-0.0207804	1
0.0362066	1
0.0162519	1
0.016498	1
0.0100752	1
0.0113918	1
0.0217979	1
-0.00210754	1
0.000279604	1
0.0108114	1
0.00841599	1
0.0321621	1
0.00585365	1
0.029847	1
0.0128862	1
0.00330898	1
0.0180345	1
0.0126273	1
0.00111429	1
0.0112638	1
0.00228299	1
0.0147952	1
0.014056	1
0.00638631	1
-0.00820696	1
0.00504569	1
0.0141231	1
0.00729044	1
0.0301766	1
-0.000666903	1
-0.000147895	1
0.00590859	1
0.0302868	1
0.0317556	1
0.010559	1
-0.00200197	1
-0.00716124	1
0.0336974	1
0.000459348	1
0.00391651	1
-0.0034427	1
-0.00222649	1
-0.00521565	1
0.0212472	1
0.0077053	1
0.000155565	1
0.00330575	1
-0.0127519	1
0.0124738	1
-0.0113284	1
-0.00635481	1
0.00351177	1
-0.0303068	1
-0.0239427	1
-0.012374	1
0.00635084	1
0.020394	1
-0.00780245	1
0.0152892	1
-0.00603895	1
-0.0168235	1
0.0224537	1
0.0120096	1
0.0373832	1
0.0126019	1
0.0124408	1
0.00464754	1
0.00337226	1
0.008748	1
0.00913864	1
-0.00714201	1
0.00976605	1
0.0361275	1
-0.000802199	1
-0.00545062	1
0.023846	1
-0.013842	1
0.0315628	1
0.0179679	1
0.0241166	1
0.0126497	1
-0.00516154	1
-0.00674284	1
0.00608949	1
0.0209842	1
0.024841	1
0.00609281	1
0.0287894	1
0.0353329	1
0.00702485	1
0.00691989	1
0.0157273	1
-0.000862303	1
0.0176762	1
-0.0132012	1
0.00867135	1
0.0023776	1
0.0303058	1
0.00146758	1
-0.00683042	1
0.00202175	1
0.0205401	1
-0.00610591	1
0.00109949	1
0.0154638	1
0.0034711	1
-0.00347536	1
0.0075985	1
0.0125084	1
-0.00728469	1
-0.0183529	1
-0.0102815	1
-0.00924138	1
0.0114627	1
0.0225411	1
0.000750068	1
0.0110773	1
0.0144157	1
0.0137468	1
0.0157853	1
0.00011997	1
0.000904487	1
0.0120492	1
-0.0131052	1
-0.00795047	1
0.0123993	1
-0.024016	1
0.00525052	1
-0.00494639	1
0.0227941	1
0.000732671	1
-0.0101853	1
0.00195733	1
0.0156817	1
0.0246849	1
0.014843	1
0.02477	1
0.0423017	1
0.000406668	1
-0.0223415	1
0.0329679	1
0.0201937	1
0.0178017	1
0.00124244	1
0.00816691	1
0.0338903	1
-0.00923127	1
0.00548859	1
0.0100355	1
-0.0199168	1
-0.00203991	1
0.0143709	1
0.00805126	1
0.0243562	1
0.00775608	1
0.0152711	1
0.0106494	1
-0.000583154	1
-0.0249469	1
0.0145211	1
0.00764687	1
-0.0119321	1
0.0185531	1
0.0189518	1
-0.00599838	1
0.000631174	1
-0.016517	1
0.0132986	1
0.000497728	1
0.0184685	1
-0.00751482	1
0.00975105	1
0.00792032	1
0.0131462	1
-0.000400243	1
-0.00207274	1
-0.0239522	1
-0.00939588	1
0.00064753	1
0.0384898	1
-0.00423417	1
0.0349449	1
0.00551117	1
-0.0042897	1
-0.00109878	1
0.00464268	1
-0.00242974	1
0.00541521	1
0.00966692	1
0.0103519	1
0.0203593	1
0.00707037	1
0.0151934	1
-0.0114716	1
-0.00540104	1
0.0237201	1
-0.0148171	1
0.0139813	1
-0.00157612	1
0.00206428	1
0.00844114	1
0.00861395	1
-0.00843429	1
0.0239066	1
0.0102803	1
-0.0165572	1
0.00382808	1
-0.000955103	1
-0.008149	1
-0.00494267	1
0.00974498	1
0.0107235	1
-0.00177023	1
0.0203466	1
0.00846625	1
0.0284472	1
0.021073	1
0.00715443	1
0.00871834	1
0.0124879	1
0.00155134	1
0.0158416	1
0.017384	1
0.00790824	1
0.00361809	1
0.00413335	1
0.00721316	1
-0.0148176	1
0.0146602	1
0.00399793	1
-0.0123296	1
0.0106592	1
0.00422982	1
-0.0184927	1
0.00473651	1
0.0179594	1
0.022982	1
0.0265284	1
0.00924556	1
0.027961	1
0.0210891	1
0.00792137	1
0.00716063	1
0.00236667	1
0.0220395	1
-0.0033247	1
0.0211176	1
0.0044639	1
-0.00185	1
0.00780138	1
-0.0152073	1
0.00733284	1
0.0112636	1
0.0124752	1
0.0129457	1
0.0100117	1
0.00233528	1
0.026555	1
-0.0157331	1
-0.0224938	1
0.0149408	1
-0.00521671	1
-0.00586455	1
0.00148541	1
0.0116598	1
0.0182108	1
0.00613949	1
0.0202993	1
-0.000178807	1
0.00384304	1
-0.013548	1
0.0162104	1
0.032825	1
0.00234547	1
0.0111578	1
0.00151011	1
0.00890682	1
0.00379903	1
-0.000679168	1
-0.00341149	1
0.0294617	1
0.0212707	1
0.0124006	1
-0.0147816	1
0.0327512	1
-0.0010813	1
-0.00500681	1
0.0155509	1
-0.0105112	1
-0.00247179	1
-0.00633549	1
0.00642345	1
-0.0017952	1
-0.0020623	1
0.00554423	1
-0.0228238	1
0.0129089	1
-0.014861	1
0.0172196	1
-0.0028341	1
0.0178437	1
-0.0110713	1
0.0152215	1
0.00466288	1
0.0314573	1
-0.0065242	1
0.0188039	1
0.014698	1
0.0102792	1
0.0118342	1
0.00203072	1
-0.00070934	1
-0.00301506	1
-0.00301758	1
0.0154878	1
0.00665727	1
0.0129027	1
0.0131424	1
0.00338097	1
-0.00355254	1
0.019559	1
0.0156016	1
0.0231727	1
0.00737112	1
-0.000403993	1
0.0153687	1
0.000145288	1
0.00629035	1
0.011127	1
0.0136257	1
-0.0216969	1
0.000111997	1
0.0212618	1
0.0177213	1
0.00695955	1
0.00913295	1
-0.000770151	1
0.0100428	1
0.0263396	1
0.0129976	1
0.00625997	1
0.0170222	1
0.0285882	1
0.00623604	1
0.0252609	1
0.0345166	1
0.0130437	1
0.00873671	1
0.0074487	1
0.0192014	1
-0.0154468	1
-0.00392111	1
0.0222923	1
0.00723569	1
0.00465592	1
-0.0118391	1
0.0249705	1
0.00623159	1
0.01695	1
0.0249324	1
0.000505092	1
0.0110589	1
0.0142781	1
0.0250769	1
0.00424284	1
0.0227945	1
0.0343244	1
-0.00275969	1
0.0148896	1
0.0122029	1
0.00344807	1
-0.0195673	1
0.00960033	1
0.012751	1
0.0226453	1
0.0242624	1
0.0186833	1
0.0132865	1
0.0287263	1
0.0135404	1
0.00722114	1
-0.0110795	1
0.0259112	1
0.0134642	1
0.00128469	1
0.0189506	1
0.00409622	1
-0.00419815	1
-0.00546726	1
-0.0033877	1
0.00482265	1
-0.0142628	1
-0.00729293	1
-0.0043289	1
0.0267733	1
-0.00141767	1
-0.0181847	1
-0.0107586	1
0.0143134	1
0.00122972	1
0.012134	1
-0.00501782	1
0.0272198	1
0.00179573	1
-0.0127023	1
0.0148643	1
0.0257886	1
-0.0106399	1
-0.0078838	1
0.0197517	1
0.012972	1
-0.0132912	1
0.024804	1
0.00453842	1
0.00606849	1
0.00606849	1
0.021029	1
0.00958589	1
0.00480829	1
-0.010103	1
0.0329898	1
0.00652467	1
0.021325	1
-1.7243e-05	1
0.000406603	1
0.0186524	1
0.00795668	1
0.0189352	1
0.000312277	1
-0.00981695	1
0.0233794	1
-0.0101346	1
0.0209361	1
0.00408605	1
0.00228778	1
-0.00432461	1
0.0034342	1
0.0051879	1
0.00880354	1
0.00370817	1
-0.0150354	1
0.0135888	1
-0.0125539	1
0.0142224	1
-0.0131246	1
-0.00228534	1
-0.0135859	1
0.00422637	1
0.0176296	1
0.0186651	1
-0.00430122	1
-0.0207324	1
0.0177794	1
0.0132941	1
0.00965189	1
0.00926816	1
-0.0038491	1
0.0198036	1
0.0267108	1
0.00316222	1
0.00517485	1
0.013479	1
0.0101061	1
-0.00103942	1
0.00512105	1
0.0145305	1
0.0308543	1
0.023829	1
1.86541e-05	1
0.00925729	1
0.00889821	1
0.0121474	1
0.0158344	1
-0.0115366	1
0.00567313	1
0.0190575	1
-0.000276179	1
0.0178262	1
-0.0155237	1
0.0124246	1
-0.00899198	1
-0.00161322	1
0.00734739	1
-0.0104921	1
0.0124956	1
-0.00909783	1
0.015688	1
-0.00585805	1
-0.00192035	1
0.0103516	1
0.0287655	1
0.0172703	1
0.00854318	1
0.026341	1
-0.00923116	1
0.0060436	1
0.0137732	1
0.02089	1
0.00944783	1
0.012259	1
0.0121769	1
0.0170577	1
0.0093636	1
-0.00627582	1
-0.00266812	1
0.00753374	1
0.00334504	1
-0.0113949	1
0.0141875	1
0.0122201	1
-0.00424121	1
0.0132826	1
0.0029187	1
0.00824	1
0.00781502	1
0.012175	1
0.0344547	1
-0.00622787	1
0.0082741	1
0.00135097	1
0.000700594	1
0.00103313	1
0.00935623	1
0.0216656	1
0.00185414	1
0.0252086	1
0.00836137	1
0.0101074	1
0.0017846	1
0.0097985	1
0.00248472	1
0.00523268	1
-0.00355095	1
0.010795	1
-0.0147182	1
0.00653828	1
-0.0232599	1
0.0150181	1
0.0131656	1
0.0156818	1
0.0273967	1
-0.0197658	1
0.00357782	1
0.0233999	1
-0.0103504	1
0.001712	1
0.0242206	1
0.0127995	1
-0.0115806	1
0.0127033	1
-0.0124586	1
0.00464087	1
0.00203335	1
-0.00618681	1
0.00586829	1
0.0199353	1
-0.0131941	1
-0.0235308	1
0.0141727	1
0.0097212	1
0.00689899	1
0.0106535	1
0.00874408	1
0.0012726	1
0.00184007	1
0.00155273	1
0.0136386	1
0.0115192	1
0.0111848	1
0.0130869	1
0.00995445	1
0.0208815	1
0.0188767	1
0.0198686	1
0.0121925	1
0.00043494	1
0.00323179	1
0.00539988	1
-0.0138034	1
-0.0117084	1
0.0158216	1
-0.000386214	1
0.0157461	1
0.00969133	1
0.012079	1
0.0452757	1
0.0287275	1
0.0117571	1
0.00217279	1
0.00734059	1
0.0178274	1
0.0307786	1
0.0295233	1
0.0139341	1
0.0152767	1
-6.54846e-06	1
0.00304375	1
-0.00547461	1
0.0104395	1
-0.0131261	1
0.0137728	1
0.0103661	1
0.00399859	1
0.00298909	1
-0.00188309	1
0.00659489	1
-0.000673431	1
0.00212977	1
0.0090138	1
0.0222751	1
0.012412	1
0.00748879	1
0.0209952	1
0.000494071	1
-0.00421105	1
0.00366274	1
0.00501665	1
0.00948752	1
0.00931592	1
-0.00154797	1
0.0168491	1
0.00315611	1
0.0202706	1
0.00980826	1
0.0127702	1
-0.0167991	1
0.032484	1
-0.0123039	1
-0.0117436	1
0.0203112	1
0.0172141	1
0.00781325	1
-0.00739089	1
0.00614063	1
0.000831064	1
0.0234431	1
0.0144541	1
0.00432035	1
0.0204154	1
0.0213561	1
-0.0186088	1
0.00397551	1
-0.00318291	1
0.00425648	1
0.0247549	1
-0.00566385	1
0.00540962	1
-0.00919373	1
0.0107085	1
0.0088158	1
0.0112427	1
0.0164235	1
-0.00360343	1
0.0116073	1
-0.0102386	1
0.0024805	1
0.00783079	1
-0.0148526	1
-0.00256579	1
-0.00439538	1
-0.0171456	1
0.0144547	1
0.00179617	1
0.0405559	1
-0.0304806	1
-0.0295545	1
-0.00220817	1
0.0191722	1
0.00651111	1
-0.00381907	1
-0.000655912	1
0.0163307	1
-0.00615869	1
0.0197692	1
0.00571653	1
0.0129348	1
-0.012938	1
0.000294175	1
-0.0128782	1
-0.00573472	1
-0.00429888	1
-0.00746107	1
0.00534909	1
0.0162753	1
-0.00170015	1
0.0234379	1
0.0184007	1
-0.0125456	1
0.00199642	1
0.00583204	1
0.0014907	1
-0.0142086	1
0.0132237	1
0.00870358	1
0.0316578	1
0.0351122	1
0.0236057	1
0.00494669	1
0.000234172	1
-0.0104781	1
-0.017756	1
0.0371604	1
0.00428964	1
-0.00576883	1
0.014537	1
0.0131391	1
0.000454438	1
0.0284705	1
0.00719047	1
0.00375909	1
0.0321871	1
0.0232643	1
0.00159028	1
0.0114769	1
0.0261752	1
0.0222701	1
-0.00558687	1
0.0351006	1
0.00959159	1
0.00822828	1
0.0297177	1
0.0242118	1
-0.00424569	1
-0.0189331	1
0.00767392	1
0.00820778	1
0.017173	1
0.0283313	1
-0.00834879	1
0.0178795	1
-0.0196301	1
-0.0119312	1
-0.0157645	1
0.0144884	1
0.0222631	1
0.0270896	1
0.00672615	1
-0.00576889	1
0.00296499	1
0.0139234	1
0.00576253	1
0.0137923	1
0.00366418	1
0.00614814	1
0.0267157	1
-0.00647914	1
0.0166874	1
0.00242391	1
0.0184832	1
-0.00290476	1
0.0106075	1
0.0147025	1
0.0276013	1
0.0055411	1
0.0144074	1
0.00994371	1
0.00660076	1
-0.00433915	1
0.0161889	1
-0.00486404	1
0.0136885	1
0.0246324	1
0.0120973	1
-0.00543004	1
-0.00632781	1
0.00499787	1
0.00341954	1
0.00842152	1
0.018531	1
-0.00163284	1
0.0232489	1
0.00214516	1
0.0241062	1
0.0203415	1
0.0082637	1
0.0181628	1
0.0178754	1
-0.00873861	1
-0.0224434	1
0.0352414	1
0.00440697	1
-0.0169668	1
0.00467494	1
0.0175111	1
0.0137782	1
0.0166761	1
0.0011937	1
0.0284363	1
0.0345474	1
-0.000279478	1
0.0124167	1
0.0100441	1
0.00123655	1
0.0109979	1
0.0192703	1
-0.0108727	1
0.0140665	1
0.00573418	1
0.030851	1
0.0183798	1
-0.00551299	1
-0.000765013	1
0.0145732	1
0.00288827	1
0.00412932	1
0.00531421	1
-0.00407734	1
0.0290873	1
0.0397916	1
0.053421	1
-0.00721189	1
0.00431899	1
0.014897	1
0.000559772	1
0.00431768	1
0.0129405	1
0.00886131	1
0.0266093	1
-0.0112205	1
-0.015908	1
0.0259423	1
0.014896	1
0.00143497	1
0.00642109	1
0.0226894	1
0.0168221	1
-0.0112038	1
0.0172729	1
0.0286827	1
0.0169577	1
0.0057713	1
0.0222793	1
-0.0132843	1
0.0134518	1
-0.0187558	1
-0.00313894	1
0.020209	1
0.0137371	1
0.00717678	1
-0.00378486	1
-0.000433257	1
0.00690585	1
-0.00162773	1
0.0262424	1
0.0220749	1
0.00345067	1
-0.00498015	1
-0.00524703	1
0.0189844	1
-0.018799	1
-0.00751301	1
-0.0119852	1
-0.0212644	1
-0.00938963	1
0.0266761	1
0.0289015	1
-0.00718734	1
0.0160764	1
-0.00570101	1
0.0209748	1
0.0127298	1
0.012991	1
0.0134106	1
0.0107641	1
0.00726907	1
0.00541512	1
-0.00266277	1
0.0237614	1
-0.00499984	1
-0.00283928	1
0.0101531	1
-0.00114786	1
0.0163146	1
0.0169834	1
-0.0171197	1
0.0241301	1
-0.0188761	1
-0.00840693	1
0.030259	1
0.00544752	1
0.00382997	1
0.00410163	1
0.0285965	1
0.00615817	1
0.00873598	1
0.0272905	1
-0.0146755	1
-0.00394329	1
0.0308563	1
0.0223655	1
-0.00272163	1
-0.000503123	1
-0.00548626	1
0.0111631	1
0.0172445	1
-0.0137284	1
0.029686	1
0.0107959	1
0.00641274	1
0.00720542	1
-0.0137279	1
0.00344446	1
-0.00414742	1
0.00452108	1
0.00905668	1
0.0233645	1
-0.00926472	1
0.0179949	1
0.00125054	1
-0.0083455	1
-0.00470874	1
0.0258353	1
0.0127089	1
-0.016681	1
-0.00939109	1
0.0148028	1
0.00655538	1
0.024378	1
-0.00872845	1
-0.00992145	1
-0.00736621	1
0.00570103	1
0.0104033	1
-0.0335728	1
0.0267943	1
0.0329178	1
0.0102483	1
0.0153787	1
0.0150945	1
0.0199878	1
-0.0156577	1
0.0108234	1
-0.000185937	1
0.0127456	1
0.00648598	1
-0.0117751	1
0.0289334	1
-0.00347029	1
-0.00119573	1
-0.0136024	1
-0.00977988	1
-0.0120299	1
0.00465916	1
0.0226137	1
4.24242e-05	1
0.0106794	1
0.00234201	1
-0.0143582	1
-0.0157166	1
-0.0325137	1
0.0405851	1
-0.0283069	1
-0.0165291	1
0.00812612	1
-0.00895008	1
-0.0120683	1
-0.00349717	1
-0.0148863	1
0.00961217	1
0.00579965	1
-0.0144444	1
2.13553e-05	1
0.00394248	1
-0.00746128	1
-0.00614472	1
0.00622597	1
0.0111233	1
0.00336554	1
0.0184936	1
0.000370471	1
0.00858701	1
0.0156193	1
0.0085905	1
0.00283757	1
0.0175738	1
0.0288693	1
-0.0195207	1
0.00646915	1
0.0204762	1
0.0187918	1
0.0127652	1
-0.00272489	1
0.00228108	1
-0.0166802	1
0.00359136	1
0.0202841	1
0.0052445	1
0.017767	1
-0.00506754	1
0.0325625	1
0.0268388	1
0.0140328	1
-0.0105566	1
0.0242647	1
-0.0185136	1
0.0200428	1
-0.00383713	1
0.0148814	1
0.0176848	1
0.00482726	1
0.0196941	1
-0.0147043	1
0.0116476	1
0.0409357	1
0.0259795	1
-0.0132596	1
0.02134	1
0.020076	1
0.0132151	1
-0.00487065	1
-0.0103608	1
0.0232063	1
-0.00482053	1
-0.00835797	1
0.0187519	1
0.0143959	1
-0.00827732	1
0.00137867	1
0.0179346	1
0.00129572	1
-0.00199624	1
0.0275701	1
-0.0146927	1
0.0190123	1
0.0114877	1
0.00789577	1
0.0198981	1
0.0219366	1
-0.00324833	1
-0.0150624	1
0.0161643	1
0.00627021	1
0.0367094	1
-0.00935003	1
0.0131465	1
0.018221	1
-0.0172435	1
-0.0058812	1
0.0145963	1
0.0145714	1
-0.0318497	1
-0.00348308	1
-0.00271299	1
-0.00294738	1
-0.00294213	1
-0.00812271	1
-0.00817057	1
0.00960454	1
0.0162096	1
0.01136	1
0.00873655	1
0.00599858	1
0.00788723	1
0.0100269	1
0.00598241	1
0.00128944	1
-0.00127208	1
0.0192449	1
0.0259449	1
0.0134463	1
0.000836878	1
0.0106869	1
-0.00555347	1
0.0163161	1
0.00773163	1
0.000636339	1
0.0120292	1
0.00886502	1
0.000123507	1
0.0083499	1
-0.00900956	1
0.0155284	1
0.024898	1
0.0111123	1
0.00673521	1
0.0066987	1
0.00842117	1
-0.000417428	1
-0.00569229	1
-0.00845358	1
0.00447724	1
0.0129243	1
0.0263938	1
0.0248718	1
0.00360424	1
-0.0125015	1
0.0114442	1
-0.00296935	1
-0.00355473	1
0.0232084	1
0.00948655	1
-0.00651579	1
-0.00644525	1
0.031064	1
0.0203673	1
0.0109711	1
0.0283506	1
0.019939	1
0.012844	1
0.00209291	1
-0.011199	1
0.00877208	1
0.0286534	1
0.0112861	1
0.0166845	1
-0.00304064	1
0.0242131	1
0.0218986	1
-0.0133284	1
0.0178573	1
-0.00118476	1
-0.00343369	1
0.00582121	1
0.0262983	1
0.00646623	1
-0.0089937	1
-0.00141562	1
0.0118269	1
-0.00548484	1
-0.0112663	1
0.00340168	1
0.0291561	1
0.0245623	1
0.0134005	1
0.000405553	1
-0.0159382	1
0.0160602	1
-0.0197521	1
-0.0151373	1
0.00992757	1
-0.00693174	1
0.00693613	1
0.0241438	1
0.0233082	1
0.0191391	1
0.0129528	1
0.0152906	1
0.00131806	1
0.0216894	1
0.0106148	1
-0.00487926	1
-0.0262433	1
-0.0112746	1
0.0368983	1
-0.0100487	1
0.0167392	1
-0.00326858	1
0.00487733	1
-0.00744835	1
0.0117994	1
0.0264047	1
0.0288218	1
0.014196	1
-0.00278924	1
0.0150409	1
0.00560001	1
-0.0119255	1
0.0154217	1
0.0175538	1
0.012622	1
-0.0139473	1
0.0350236	1
0.00726161	1
-0.0200466	1
-0.00478287	1
0.0104707	1
0.00473687	1
-0.0039034	1
-0.0104154	1
-0.00164787	1
0.0173546	1
0.00371099	1
0.024964	1
0.0217866	1
0.0105644	1
-0.0080282	1
-0.0015184	1
0.00997682	1
0.0019598	1
0.00191363	1
0.00671556	1
0.0102884	1
0.0236043	1
0.00809328	1
0.0316674	1
0.00613655	1
-0.014665	1
0.0441921	1
0.0155382	1
0.00121636	1
0.000672907	1
0.0117038	1
0.000520696	1
0.00136336	1
0.0134069	1
0.00549153	1
-0.0038159	1
0.0108356	1
-0.0146405	1
0.0015273	1
-0.00124807	1
0.0191825	1
0.00268794	1
-0.0104696	1
0.0194554	1
0.00941318	1
0.000247953	1
-0.0129118	1
0.00643486	1
0.00157579	1
0.0206777	1
0.00458314	1
0.009491	1
-0.00828982	1
0.00757069	1
0.0462388	1
-0.0123859	1
0.0262254	1
0.0287451	1
-0.023075	1
0.0249896	1
0.0172794	1
0.0146059	1
0.016221	1
0.0194292	1
0.00465151	1
0.0128699	1
0.0190858	1
0.012562	1
0.00739553	1
0.0141159	1
0.00800412	1
0.013959	1
-0.00433291	1
-0.00198122	1
0.0229705	1
0.000573493	1
-0.00505934	1
-0.0100869	1
-0.0091148	1
0.0179345	1
-0.00976325	1
0.0159325	1
-0.00520737	1
0.00764754	1
-0.000490275	1
0.0324006	1
0.0108496	1
-0.0192543	1
-0.0082693	1
0.00754986	1
-0.0180967	1
0.00171335	1
-0.00887003	1
0.015068	1
0.0257201	1
0.00900069	1
-0.00150798	1
0.0048186	1
-0.00944438	1
0.0248299	1
0.0124391	1
-0.00111742	1
-0.00187324	1
0.0146603	1
0.0166811	1
0.0240654	1
0.0285358	1
-0.0106566	1
-0.0113359	1
-0.00487321	1
-0.00150892	1
0.0354157	1
-0.00717623	1
-0.00495435	1
-0.0013212	1
0.0100406	1
0.017015	1
-0.0023129	1
0.0119977	1
0.0204341	1
-0.00522925	1
0.00415037	1
0.0165383	1
-0.0127537	1
0.0234218	1
0.0277235	1
0.00691957	1
0.0329107	1
0.0023266	1
-8.76306e-05	1
-0.00649719	1
0.0204532	1
0.0126889	1
0.0120845	1
0.0132381	1
0.0355633	1
0.0106864	1
0.0051552	1
-0.0118423	1
0.0123527	1
0.0050097	1
0.0083654	1
0.0283156	1
0.00376399	1
-0.00518147	1
0.00108035	1
0.00256651	1
0.00231197	1
0.0171088	1
0.00709	1
0.0137863	1
0.0115705	1
0.0107615	1
0.00670465	1
0.00879175	1
0.0147977	1
0.00807737	1
-0.000341983	1
0.0184968	1
0.00396281	1
0.0124275	1
0.017318	1
0.0212074	1
0.010059	1
-0.000895405	1
0.00253428	1
-0.00720032	1
0.00419275	1
-0.0167134	1
0.0135469	1
0.00293287	1
0.00146237	1
0.0334925	1
0.0215139	1
0.00247125	1
-0.00582653	1
-0.0108793	1
0.0237016	1
-0.00227253	1
0.0212978	1
0.00666207	1
0.0132243	1
0.0102046	1
0.0152807	1
0.0118395	1
-0.0117635	1
0.00973024	1
0.00107098	1
0.000536713	1
0.0247741	1
0.0054795	1
0.00909016	1
0.00139587	1
0.00250244	1
0.0305184	1
-0.00930808	1
0.012789	1
-2.06875e-05	1
0.0012003	1
-0.00623675	1
0.00132259	1
0.0269034	1
-0.00486258	1
-0.00825496	1
0.00915998	1
0.00638556	1
0.0144133	1
0.0118026	1
0.00454625	1
0.0137011	1
0.00126987	1
0.0243269	1
0.00996097	1
-0.0080403	1
0.0428044	1
-0.00466399	1
0.00184896	1
0.0210505	1
0.011161	1
0.00815193	1
-0.00125581	1
0.0139597	1
0.00880551	1
0.0205999	1
0.00939692	1
-0.0321116	1
-0.0105111	1
-0.00328183	1
0.0295546	1
0.0104859	1
0.0129415	1
0.00880526	1
0.0130879	1
0.0125173	1
-0.00544426	1
0.00834425	1
0.0207674	1
0.0311432	1
0.023769	1
0.014313	1
0.0209857	1
0.015827	1
0.0188279	1
0.00634148	1
0.0104717	1
0.00673224	1
0.0252586	1
0.0261817	1
0.0133603	1
0.0195482	1
0.00264527	1
0.0114272	1
-0.00228184	1
0.0128136	1
0.026806	1
0.00288519	1
0.0198681	1
0.00504744	1
0.0142212	1
-0.00265191	1
-0.0052656	1
0.0255854	1
-0.00391955	1
0.00243781	1
0.0132439	1
0.0110971	1
0.0268952	1
-0.00447614	1
-0.0145786	1
-0.0043407	1
-0.00288544	1
0.0285745	1
0.00878509	1
0.0313304	1
0.00586129	1
0.00645178	1
0.0247648	1
0.00987934	1
0.0152552	1
-0.0174524	1
0.00934511	1
0.0199075	1
-0.013629	1
0.0197751	1
0.0386597	1
0.0152296	1
0.00335925	1
0.0189134	1
-0.024751	1
-0.00242776	1
-0.0195093	1
-0.00789161	1
-0.00836213	1
0.00582116	1
-0.000506716	1
0.00633462	1
0.0267974	1
0.0280029	1
0.0112546	1
0.00416548	1
-0.0063891	1
0.0294814	1
0.0190199	1
0.0142558	1
0.000983857	1
0.00180909	1
0.0134	1
0.0348135	1
0.00866457	1
0.0283796	1
0.00780207	1
0.00389212	1
-0.0168612	1
0.00981044	1
0.0402514	1
0.0187839	1
0.0062539	1
0.0147825	1
0.00637154	1
0.0124296	1
0.00912171	1
-0.00853502	1
0.00843427	1
0.013868	1
0.0037858	1
-0.00710314	1
-0.00535009	1
-0.0132299	1
0.00556488	1
-0.0164308	1
0.0183285	1
0.0206199	1
0.00387893	1
0.0112538	1
-0.00306714	1
-0.0262583	1
0.0068605	1
0.0139959	1
0.00117229	1
-0.00882727	1
-0.0217881	1
0.0133818	1
0.0287228	1
0.0276971	1
0.0164758	1
0.0314449	1
-0.00310183	1
0.00175595	1
0.00279074	1
0.00601507	1
0.0336714	1
0.0160415	1
0.00614657	1
0.001825	1
0.0250024	1
-0.000191199	1
0.0098472	1
-0.0170084	1
-0.0054661	1
0.0164101	1
-0.00386945	1
0.0156454	1
0.000750092	1
0.0122329	1
-0.0218436	1
0.0337005	1
0.0251793	1
0.027583	1
0.0113768	1
0.00611795	1
0.00422088	1
0.00354976	1
0.00731914	1
0.000200734	1
-0.0253467	1
-0.0127735	1
0.0145398	1
-0.017619	1
-0.00625532	1
-0.00224933	1
-0.0313161	1
-0.0109598	1
0.0259541	1
0.00350305	1
-0.0101288	1
0.00214398	1
0.0144961	1
-0.0129582	1
0.0120354	1
0.00614095	1
-0.0149382	1
0.00686094	1
-0.00526856	1
0.0256819	1
0.0172174	1
-0.0120425	1
-0.00677438	1
0.0369205	1
0.0148549	1
0.0236935	1
0.0184558	1
-0.0139911	1
0.0468958	1
-0.0180471	1
0.00599506	1
-0.00231479	1
0.00530809	1
0.0126941	1
0.0117981	1
-0.0156659	1
0.00570451	1
0.00903134	1
0.0117239	1
0.0142731	1
-0.0102662	1
0.0151126	1
0.00213688	1
0.0278789	1
0.00992711	1
-0.0131732	1
0.00992872	1
0.0123908	1
-0.00734667	1
-0.013674	1
-0.00713826	1
-0.0186634	1
0.0162386	1
0.0381126	1
0.01199	1
-0.0114726	1
0.0014621	1
0.00803788	1
0.0050407	1
0.027598	1
0.0120105	1
0.0183758	1
0.0132386	1
-0.00624731	1
0.0237696	1
0.0036871	1
-0.0180929	1
-0.00444427	1
-0.00975161	1
-0.0065465	1
0.006788	1
0.0216969	1
0.00264835	1
0.028304	1
0.0108438	1
0.0168234	1
-0.0132712	1
0.00285763	1
0.0051294	1
0.0243081	1
0.00783854	1
0.0338218	1
0.0220481	1
0.011656	1
-0.00718205	1
-0.00876427	1
0.010023	1
0.023845	1
0.00860565	1
0.0158271	1
0.000583727	1
-0.000536676	1
-0.00260641	1
-0.00951246	1
0.0181557	1
-0.000518033	1
0.0185395	1
0.0273114	1
0.0123024	1
0.000247971	1
0.0146964	1
-0.0123739	1
-0.0147707	1
-0.000611526	1
-0.00451706	1
-0.0141114	1
0.000621594	1
-0.0183607	1
0.0372922	1
0.00664277	1
0.0267491	1
0.00895094	1
0.0253211	1
-0.00445424	1
0.00651462	1
0.000644711	1
0.00333781	1
0.0245959	1
-0.0229607	1
0.0273732	1
0.0172868	1
0.0271821	1
-0.00580732	1
0.0185749	1
0.000836541	1
0.0127358	1
0.0272136	1
0.00370193	1
-0.0101095	1
0.0153166	1
-0.0142722	1
-0.0120139	1
-0.00508703	1
0.00183131	1
0.00812991	1
0.0317436	1
-0.00673542	1
0.0108627	1
-0.00561203	1
-0.000907193	1
0.00268502	1
0.000738951	1
-0.0173604	1
-0.00316678	1
0.0172449	1
0.0153035	1
-0.000798961	1
0.0173997	1
0.00662682	1
0.017342	1
-0.0108542	1
0.0185342	1
0.0266172	1
0.00432698	1
0.00414407	1
0.0162785	1
0.000397613	1
-0.00363712	1
0.0315147	1
0.000955183	1
0.00511255	1
0.0226496	1
0.0234777	1
0.0028406	1
0.0384154	1
0.0288802	1
0.00982513	1
-0.000225526	1
0.00632048	1
0.0117785	1
0.0128048	1
-0.0184241	1
-0.000616464	1
0.0130661	1
-0.010828	1
0.0156659	1
-0.00416178	1
0.0376599	1
0.0158109	1
0.015995	1
0.0226295	1
-0.00788858	1
0.00613236	1
-0.00123421	1
0.000932497	1
0.0169832	1
0.0047284	1
0.0195451	1
0.0122217	1
0.00831563	1
0.0188111	1
2.16513e-05	1
0.00960857	1
0.00345847	1
0.000670385	1
0.0212961	1
-0.0348987	1
0.0240929	1
0.0220381	1
0.0264045	1
-0.0118945	1
0.0239777	1
0.0201477	1
0.0281747	1
0.00845331	1
-0.00329017	1
0.000858945	1
0.000373347	1
0.0286481	1
0.0218828	1
0.0293291	1
-0.002173	1
0.0135221	1
0.00618675	1
-0.0127329	1
0.0151539	1
-0.00348851	1
-0.0163307	1
-0.00525148	1
-0.00835292	1
0.0126018	1
0.00880418	1
0.000855491	1
0.00360795	1
0.0160697	1
0.0155978	1
0.00640392	1
0.0304552	1
-0.00244594	1
0.0049783	1
-0.0048852	1
-0.000954759	1
0.00026681	1
0.0223562	1
0.00486688	1
-0.0067637	1
0.00491072	1
0.0294569	1
-0.00466296	1
-0.00223405	1
0.0218884	1
0.00500544	1
0.0283015	1
-0.0012633	1
0.00858466	1
0.00795844	1
0.0125532	1
0.0198457	1
0.0240321	1
-0.0194428	1
-0.0260755	1
0.0130781	1
-0.0089008	1
0.0099988	1
0.0154754	1
0.00946506	1
-0.00997903	1
-0.00714585	1
0.00830962	1
0.0276082	1
0.0111084	1
-0.00751671	1
0.0167347	1
0.0193344	1
0.0301725	1
0.0183694	1
0.0141068	1
-0.00182132	1
-0.00863793	1
-0.0112011	1
0.000798259	1
0.0251593	1
0.0275542	1
0.0230046	1
0.00686277	1
-0.00273753	1
-0.00157632	1
-0.0169411	1
-0.00317538	1
0.0138733	1
0.0168212	1
-0.00324323	1
-0.0219144	1
0.0063127	1
0.0169489	1
-0.023992	1
-0.00937106	1
0.00349111	1
0.0108157	1
0.00391011	1
0.0240538	1
-0.0148618	1
0.00503339	1
-0.0397951	1
0.0156224	1
-0.00307471	1
0.0214754	1
0.0117449	1
0.0119588	1
-0.0137641	1
0.0536141	1
0.0138916	1
-0.000747784	1
0.00294094	1
0.00779463	1
0.00544667	1
0.0224762	1
0.0228672	1
0.0233355	1
0.0201201	1
0.0138023	1
0.00452352	1
0.00589904	1
0.00105986	1
-0.00115318	1
-0.0107169	1
0.0298423	1
-0.00364358	1
0.0221863	1
0.00107882	1
0.0153165	1
0.0265653	1
0.00875683	1
0.00965459	1
0.0125258	1
0.0087813	1
0.0250776	1
0.0277636	1
0.0133296	1
0.000186102	1
0.0161237	1
-0.00825362	1
-0.0072188	1
0.0225292	1
0.0132675	1
0.0248691	1
0.00490878	1
0.0287846	1
-0.00842658	1
0.0204686	1
-0.00311848	1
0.00641826	1
0.0103362	1
-0.00324164	1
-0.0143312	1
0.0214258	1
0.0102021	1
0.0287418	1
0.00996725	1
-0.00867903	1
0.0257096	1
-0.00486515	1
0.0135203	1
0.0287963	1
0.0277299	1
0.00518568	1
0.00332007	1
0.00638026	1
0.017039	1
0.013165	1
0.0128287	1
0.0128287	1
-0.0100433	1
4.64546e-05	1
0.0238466	1
0.0102242	1
-0.0131822	1
0.036667	1
0.00978363	1
0.0253472	1
0.00606306	1
0.00841112	1
0.0215646	1
0.0127809	1
0.0155029	1
-0.02078	1
0.00667998	1
0.00742013	1
0.0141056	1
0.0151398	1
0.00260308	1
0.0108197	1
0.0298641	1
-0.000194929	1
-0.00826246	1
-0.00696112	1
0.00155559	1
0.0240021	1
0.0250457	1
-0.0031711	1
0.00250197	1
0.0210853	1
-0.00703439	1
0.000727963	1
0.0117763	1
0.00761474	1
0.0135195	1
-0.00889562	1
0.00531218	1
-0.00618438	1
-0.00503846	1
0.00486676	1
-0.021021	1
-0.00713598	1
0.0202028	1
0.0271061	1
0.00193079	1
0.000271328	1
0.00612696	1
0.0371523	1
0.00800377	1
0.000734671	1
0.0161598	1
0.0139877	1
0.00340366	1
-0.00143815	1
0.000260966	1
0.015024	1
0.0098679	1
0.0136948	1
0.00157509	1
0.00224613	1
0.035869	1
0.000208407	1
0.00144284	1
0.0180405	1
0.000634868	1
0.0349958	1
0.00923887	1
0.0160739	1
0.00218661	1
0.00145359	1
-0.0103294	1
-0.00803364	1
-0.0119441	1
0.0225783	1
0.00490012	1
0.0438072	1
-0.0163864	1
-0.00568907	1
-0.00523074	1
-0.00830486	1
-0.00865913	1
-0.00791233	1
0.0224267	1
-0.000853279	1
0.0239903	1
0.0411303	1
0.0184742	1
0.00246887	1
0.00676103	1
-0.0204764	1
-0.00427963	1
-0.0065969	1
0.0154946	1
0.0216141	1
0.022719	1
-0.0196286	1
0.00240509	1
0.0185739	1
-0.0101606	1
0.00886601	1
0.032649	1
0.0325204	1
-0.00521402	1
-0.015276	1
0.0145451	1
-0.000733946	1
-0.0196106	1
0.00669546	1
0.000481758	1
0.000458561	1
-0.0229609	1
-0.000437064	1
0.011227	1
-0.00621576	1
-0.010404	1
0.0094888	1
0.0121972	1
0.0162163	1
0.0273961	1
-0.0202841	1
-0.0074026	1
-0.018679	1
-0.0057551	1
0.000337157	1
0.0245014	1
0.0278673	1
-0.0263869	1
-0.0373217	1
0.013892	1
0.0202526	1
0.0266064	1
-0.0119427	1
-0.00509299	1
0.0142522	1
-0.00100781	1
0.0395076	1
0.0209257	1
0.00785897	1
0.00264507	1
0.0228425	1
0.0218002	1
-0.000936896	1
0.0053044	1
-0.0105269	1
0.0129066	1
-0.0053936	1
0.00680549	1
0.00269922	1
0.024188	1
0.0153931	1
0.000952069	1
-0.00454686	1
0.0386317	1
0.0188181	1
0.00230421	1
0.0023278	1
0.0213948	1
0.00808133	1
0.0156578	1
0.00854608	1
0.0117624	1
0.0263044	1
0.00198064	1
0.00537936	1
0.00667148	1
0.0226092	1
0.0139844	1
0.038529	1
0.0185436	1
-0.00590528	1
-0.0140226	1
0.00539442	1
0.0267955	1
-0.0173097	1
0.00741896	1
-0.00621918	1
-0.00106094	1
-0.00435346	1
-0.0140209	1
0.0194952	1
0.0116215	1
-0.0114663	1
0.0435449	1
-0.00245211	1
0.0296668	1
0.0186357	1
0.0139813	1
0.00681572	1
0.023103	1
0.0187069	1
-0.00586776	1
-0.00571532	1
-0.00499925	1
0.018162	1
0.0180169	1
0.011	1
0.00181931	1
-0.000695745	1
0.00616192	1
0.0291546	1
0.00776881	1
0.0254383	1
0.000458535	1
0.0105687	1
-0.00397626	1
0.0264183	1
0.0225441	1
0.00270349	1
0.0232641	1
0.0374933	1
-0.00904625	1
0.014178	1
0.0120022	1
0.00561281	1
0.00847544	1
0.00287883	1
0.0122743	1
0.0117006	1
-0.00144809	1
-0.0321203	1
0.0196945	1
0.0134698	1
0.0123474	1
-0.00701201	1
0.0201787	1
0.000505864	1
0.00226549	1
0.000302215	1
-0.00593418	1
0.00152736	1
0.0024256	1
-0.031913	1
0.0027505	1
0.0251081	1
-0.0257934	1
-0.0116978	1
-0.000918126	1
-0.00468412	1
0.00136618	1
-0.00153374	1
-0.00461155	1
-0.00292213	1
-0.0130689	1
0.0231625	1
0.0107268	1
-0.0168291	1
0.017011	1
0.00396389	1
0.0256054	1
-0.00314585	1
0.0107707	1
0.0261444	1
0.00426468	1
0.00570007	1
-0.0122119	1
0.014951	1
0.0106285	1
0.0197616	1
0.00963774	1
0.0157156	1
-0.001087	1
-0.00708809	1
0.0139986	1
-0.00274031	1
-0.00557914	1
0.00200506	1
0.00831173	1
0.00290445	1
0.0147841	1
0.00695992	1
0.0184991	1
0.0212848	1
0.0133533	1
-0.017987	1
0.0190563	1
0.0147157	1
0.000716069	1
0.0177579	1
0.0122081	1
0.0152042	1
0.0309342	1
-0.0252521	1
-0.00401984	1
0.025377	1
0.0257193	1
0.0093354	1
-0.0250212	1
0.0379475	1
-0.0104899	1
0.0130641	1
0.0035801	1
0.0335598	1
0.002958	1
0.0133086	1
0.00804872	1
0.0169199	1
0.0191199	1
0.0320297	1
0.0366508	1
0.00844933	1
0.0139921	1
0.00479845	1
-0.00796731	1
0.00838629	1
-0.00667738	1
-0.00447418	1
-0.00483965	1
0.0111619	1
-0.00275375	1
-0.0124057	1
0.0202673	1
-0.0121762	1
-0.0183988	1
-0.00866554	1
-0.00331527	1
0.0284964	1
0.0282876	1
0.00618047	1
0.0370635	1
0.0219847	1
0.00552081	1
-0.00406418	1
0.01044	1
0.0251281	1
0.00713753	1
0.0121284	1
0.0060795	1
0.0207734	1
0.0230061	1
-0.0158597	1
0.0106539	1
0.00116108	1
-0.00378465	1
0.0168618	1
0.000697867	1
0.0118131	1
-0.00336337	1
0.00776476	1
-0.00182945	1
0.00400665	1
0.001003	1
0.000940167	1
-0.00365669	1
-0.000467228	1
0.0227109	1
0.00930438	1
0.0155699	1
0.0266403	1
0.00510018	1
0.00508113	1
-0.0208239	1
-0.016034	1
0.008711	1
0.0213273	1
-0.0011031	1
0.0257077	1
-0.0101552	1
-0.00595623	1
0.00244512	1
0.0051023	1
0.0121214	1
-0.0152451	1
0.0110238	1
-0.00340986	1
0.0247454	1
0.00542523	1
0.0160078	1
0.0125479	1
0.0019405	1
0.0246613	1
0.0161211	1
-0.00994386	1
0.0196612	1
0.00712623	1
0.0127091	1
-0.0206274	1
0.0293376	1
0.046272	1
0.0106709	1
0.0250486	1
0.0250486	1
0.0168779	1
0.0074901	1
-0.00516532	1
-0.00116759	1
-0.00483806	1
0.0200949	1
0.0198077	1
0.00716318	1
0.00438942	1
0.0116228	1
0.0259106	1
-0.00739648	1
0.035404	1
0.0333355	1
-0.00898085	1
-0.000449362	1
-0.0055977	1
0.0163	1
-0.00581279	1
0.0125591	1
-0.00489457	1
0.00288775	1
0.00610512	1
-0.00180883	1
0.00654185	1
0.0208465	1
0.0118969	1
-0.023796	1
0.00775347	1
0.0120071	1
0.00947942	1
0.0108705	1
0.0236933	1
0.00125664	1
-0.00761008	1
0.00319632	1
0.0298994	1
0.00284959	1
0.00981049	1
-0.00343259	1
0.00286435	1
0.00539641	1
0.00459145	1
-0.00094969	1
-0.0158637	1
0.00254551	1
-0.0194153	1
-0.0144218	1
0.00123788	1
-0.00265846	1
0.0131637	1
-0.0208725	1
0.00722656	1
0.0151543	1
0.00876605	1
0.00217816	1
-0.0240924	1
0.00437836	1
0.0181187	1
0.00356668	1
-0.00137418	1
-0.00681326	1
0.000809416	1
0.00564771	1
-0.00965837	1
-0.0048443	1
0.0122032	1
0.0307686	1
0.0234715	1
0.0378639	1
-0.0173361	1
0.0167393	1
-0.0109109	1
0.0251485	1
-0.0126732	1
-0.00317251	1
0.0320104	1
0.0187721	1
0.000719367	1
0.000772626	1
0.00307823	1
0.0144735	1
0.0106347	1
0.00256104	1
0.0136047	1
0.0239273	1
0.0288004	1
-0.014117	1
0.00262761	1
0.00878106	1
0.0227422	1
0.0249988	1
0.0333441	1
0.00763728	1
0.0317029	1
0.0166411	1
0.00803894	1
-0.0122886	1
0.0337796	1
-0.0188438	1
-0.00424815	1
0.0328925	1
0.0180357	1
0.0179849	1
0.0122295	1
-0.00303826	1
0.0198325	1
0.000840567	1
-0.00193013	1
0.0125035	1
-0.00342135	1
0.00881537	1
0.015191	1
0.0106073	1
-0.0132402	1
0.00923826	1
0.0265504	1
0.0216001	1
0.0246444	1
-0.00153405	1
0.00974529	1
0.0349641	1
0.018226	1
-0.000724746	1
0.00381989	1
0.0126744	1
0.0211097	1
0.0031928	1
0.0122356	1
0.0201126	1
0.011218	1
0.013028	1
0.0233939	1
0.0288792	1
0.0234768	1
-0.0172346	1
-0.0151336	1
0.0191004	1
0.016618	1
0.03031	1
-0.000435673	1
-0.0135777	1
-0.00710092	1
-0.00541563	1
0.0176981	1
-0.00515114	1
0.0173647	1
0.014968	1
0.00625852	1
0.0125919	1
-0.0112925	1
-0.0162272	1
-0.00887601	1
0.00386411	1
-0.00102115	1
0.0057068	1
-0.00611632	1
0.0336686	1
-0.00918054	1
-0.00444509	1
-0.00248561	1
0.010843	1
0.0194583	1
0.0152156	1
-0.0177653	1
0.00761528	1
0.0207852	1
-0.0135728	1
0.0138856	1
0.00484739	1
0.0143518	1
0.00908011	1
8.28937e-05	1
0.00645147	1
0.00359658	1
0.0203537	1
-0.00693691	1
-0.00749322	1
0.00515273	1
0.0132882	1
-0.00847523	1
0.014339	1
0.0187698	1
-0.00775222	1
-0.0136989	1
0.0291569	1
0.00885842	1
-0.0320441	1
0.01945	1
0.00959648	1
0.0103372	1
-0.0143234	1
-0.00208256	1
0.0157719	1
0.00396804	1
0.026411	1
0.00265632	1
0.00902883	1
-0.00137495	1
-0.0115231	1
0.0105889	1
-0.0192135	1
0.00298717	1
-0.0128109	1
0.0108868	1
0.0193466	1
0.0150548	1
0.013339	1
0.0234971	1
0.00733641	1
0.038162	1
-0.00641602	1
0.0148733	1
0.00411506	1
0.00348935	1
0.0217627	1
0.00412701	1
0.0271097	1
0.0218681	1
-0.000123197	1
0.0333952	1
-0.0225329	1
-0.00655265	1
-0.0121797	1
-0.010536	1
-0.00141535	1
-0.0123554	1
-0.0109358	1
0.00531692	1
0.00516554	1
0.0131472	1
0.0048709	1
-0.0240435	1
0.019591	1
0.0272831	1
0.00501399	1
0.0177816	1
0.00187427	1
0.00500633	1
0.00700429	1
0.0119607	1
0.00815576	1
0.014666	1
-0.0251881	1
0.0143885	1
-0.00824951	1
-0.0059302	1
-0.00600413	1
-0.0105194	1
-0.000161716	1
-0.00980931	1
0.0177077	1
0.0218318	1
0.0168544	1
-0.00200579	1
0.0101756	1
-0.00105476	1
-0.0170764	1
-0.0175247	1
0.0225779	1
0.0210362	1
-0.00478174	1
-0.00637217	1
-0.00068435	1
-0.00836157	1
-0.00686531	1
0.0135617	1
0.0289719	1
-0.00646824	1
0.0244139	1
0.0259911	1
0.00432727	1
0.00715019	1
0.0147804	1
0.0072297	1
0.026602	1
-0.00923291	1
-0.0152357	1
0.0161016	1
0.0148807	1
0.0230092	1
-0.0158732	1
-0.00951024	1
0.022211	1
0.0179312	1
0.0207723	1
-0.000385606	1
0.00657961	1
-0.00797912	1
0.0134152	1
0.00394017	1
0.00895468	1
0.0174957	1
0.014198	1
0.0174643	1
-0.0110842	1
0.0180292	1
-0.00900293	1
0.0107126	1
0.000396487	1
-0.0021152	1
0.0352253	1
-0.00480541	1
-0.0177028	1
0.0133851	1
0.0154433	1
-0.011428	1
0.0169422	1
0.025687	1
-0.00530319	1
-0.00587237	1
0.0261598	1
0.00288629	1
0.0241869	1
0.00822769	1
0.0273363	1
-0.000586779	1
0.0108243	1
0.00516289	1
0.021732	1
0.0227781	1
0.0471728	1
0.00841831	1
0.008896	1
0.0110405	1
-0.000555583	1
0.023329	1
-0.0128764	1
0.00118876	1
0.0124473	1
-0.000413239	1
-0.000437939	1
0.0119901	1
0.00145695	1
0.0248746	1
0.00929713	1
-0.00976774	1
-0.00229241	1
0.00100263	1
0.00834098	1
-0.00576641	1
0.0269201	1
0.00923243	1
-0.00264276	1
0.00207418	1
0.000490283	1
-0.0170389	1
0.00895866	1
0.00869918	1
0.00940214	1
-0.00332578	1
0.0166559	1
-0.000369557	1
0.0225197	1
-0.00174983	1
0.0290231	1
-0.0263634	1
0.0235305	1
-0.0100991	1
-0.0027342	1
-0.00592389	1
-0.00423354	1
-0.00104833	1
-0.00252278	1
-0.0023017	1
0.0136258	1
0.0145429	1
0.00444504	1
0.00413205	1
0.0179196	1
0.00810395	1
-0.00620856	1
0.0139119	1
0.0305925	1
0.0167077	1
0.0183957	1
-0.0119859	1
0.0149145	1
-0.0173987	1
-0.00289448	1
0.00330503	1
0.0334995	1
-0.002	1
0.0344217	1
0.0278749	1
0.00551012	1
-0.0166611	1
0.00455254	1
0.0287471	1
0.00736204	1
0.00601951	1
0.00806486	1
-0.0122569	1
0.0352445	1
-0.0133804	1
0.00166504	1
-0.0241908	1
0.0157223	1
0.0140462	1
0.00510028	1
0.00156081	1
0.0158969	1
-0.006797	1
0.0130225	1
-0.00499724	1
-0.00404405	1
-0.00835771	1
-0.00126363	1
0.00165412	1
0.0233348	1
0.0145733	1
-0.00344485	1
0.0278355	1
0.0101792	1
-0.0123256	1
0.0277115	1
0.0103537	1
0.0133866	1
0.0126013	1
-0.00529399	1
-0.00896717	1
0.0137087	1
0.0368126	1
0.0380492	1
0.00843472	1
-0.011151	1
-0.00516893	1
0.00808665	1
0.0273232	1
-0.0142904	1
0.018575	1
0.00162242	1
0.00143728	1
0.0274824	1
0.0216781	1
-0.0158044	1
0.000645019	1
-0.00575745	1
0.0353648	1
0.0176007	1
-0.0127614	1
0.0128418	1
0.0469695	1
0.0122967	1
0.0195112	1
0.00455345	1
9.40562e-05	1
0.0277659	1
0.021058	1
0.00161196	1
0.0198502	1
-0.00148687	1
-0.00797513	1
0.0287361	1
-0.00688707	1
0.00945699	1
0.0184973	1
0.0209842	1
0.0012996	1
-0.00766014	1
0.0176737	1
-0.00180466	1
0.0176779	1
0.00591266	1
0.00354285	1
0.00848738	1
0.0230737	1
0.0028643	1
-0.00518848	1
0.0150714	1
0.033431	1
0.0051132	1
0.00829341	1
0.015722	1
0.014088	1
0.00159565	1
0.00950647	1
0.0134327	1
0.0447269	1
0.00823262	1
1.86214e-05	1
0.0166772	1
-0.022773	1
-0.00823678	1
-0.0111456	1
0.0219396	1
0.0071962	1
0.0166276	1
0.00427343	1
0.00427343	1
0.00606802	1
0.00912178	1
0.0160546	1
0.018991	1
0.012939	1
0.0407195	1
0.0141005	1
0.0142003	1
0.00200397	1
0.0150148	1
0.00404306	1
0.0091387	1
-0.0010554	1
-0.00772903	1
0.0127535	1
0.0238061	1
0.020354	1
0.01381	1
0.0103101	1
-0.00239043	1
-0.0159313	1
0.0207654	1
0.00136862	1
-0.00809844	1
-0.0134556	1
0.00634416	1
0.0021201	1
0.000131871	1
0.000955466	1
0.00556978	1
0.000362182	1
0.0137932	1
0.0107682	1
-0.00849847	1
-0.0117306	1
0.0237642	1
-0.00273302	1
0.0122688	1
0.0111527	1
-0.00823486	1
0.00149901	1
0.0170465	1
0.0281091	1
-0.000307558	1
0.00775913	1
0.00526881	1
0.00516936	1
0.0119725	1
-0.00689182	1
0.0189345	1
-0.014006	1
-0.00153493	1
0.0224919	1
-0.00475177	1
0.014575	1
0.00993513	1
0.00814486	1
0.0271795	1
0.00661904	1
0.00805244	1
0.0082796	1
0.00792774	1
0.0141871	1
-0.00657479	1
-0.0018671	1
0.0082499	1
0.010224	1
0.00155591	1
0.00718542	1
0.00202754	1
-0.0053049	1
0.0280537	1
0.0297876	1
0.00298475	1
0.0266129	1
0.00423492	1
0.00423492	1
0.0379867	1
-0.0100803	1
0.0113248	1
0.0150428	1
0.0136837	1
0.0212797	1
0.0118335	1
0.0168431	1
0.0248685	1
0.000539004	1
0.0185058	1
0.00481798	1
0.0139635	1
0.0214712	1
0.00994802	1
0.00994802	1
-0.00165856	1
0.00324811	1
0.0160393	1
0.0357939	1
-0.00599738	1
0.0133131	1
-0.0117954	1
-0.00651054	1
0.00884408	1
-0.0211609	1
0.00766537	1
0.0154576	1
0.00113127	1
0.0140221	1
0.016539	1
0.0127545	1
0.0209139	1
-0.011845	1
0.00736014	1
0.033487	1
0.00912384	1
0.00170641	1
0.0227234	1
0.000292495	1
0.00801665	1
0.0156552	1
-0.0140369	1
0.0143735	1
-0.0127933	1
0.0165779	1
0.0405446	1
0.0283979	1
-0.00982075	1
0.049232	1
-0.00724891	1
0.0228536	1
0.0130395	1
0.00839024	1
0.00550629	1
-0.0139563	1
-0.0237353	1
-0.00653441	1
0.0177257	1
0.0378849	1
-0.00397753	1
0.015845	1
0.0406855	1
0.0113949	1
-0.00489108	1
0.0119132	1
0.00688207	1
-0.00708368	1
0.0162325	1
-0.00988932	1
0.00774155	1
0.00960488	1
0.00535087	1
0.00376717	1
-0.00266376	1
-0.00884402	1
0.00589168	1
0.00728541	1
0.00797754	1
0.0023386	1
0.0170048	1
0.024572	1
0.0230429	1
0.0328708	1
-0.00389118	1
0.0125249	1
0.0178034	1
0.0334027	1
0.0164434	1
-0.00325285	1
-0.000449423	1
-0.000121114	1
0.0046849	1
0.0190832	1
0.0333537	1
-0.00825749	1
0.0219385	1
-0.0237654	1
-0.00407744	1
0.0216126	1
0.0199792	1
-0.00758375	1
-0.00290477	1
0.0086787	1
0.0154227	1
-0.0181416	1
-0.00576886	1
0.0107857	1
0.0212312	1
0.0182911	1
-0.000494892	1
0.00360237	1
-0.00360038	1
0.00282777	1
-0.0188115	1
0.0119892	1
-0.0128993	1
0.0146504	1
0.0113701	1
0.0149724	1
-0.0246298	1
0.0189676	1
0.0282532	1
-0.00536087	1
0.0118833	1
0.0187803	1
0.0162282	1
0.0382587	1
0.0164707	1
0.0103301	1
0.000229324	1
0.0112423	1
0.0152389	1
0.0226756	1
0.0135681	1
0.0168563	1
0.0289805	1
-0.00617911	1
0.000443143	1
0.0259991	1
0.0313682	1
0.0274098	1
0.0188783	1
0.0065051	1
0.000774408	1
-0.0024669	1
0.0226234	1
0.000900066	1
0.0163529	1
0.0056386	1
-0.0190112	1
0.00571736	1
-0.00189104	1
0.00400879	1
0.0133121	1
0.0235845	1
0.0150578	1
0.0101271	1
0.00777451	1
0.0297154	1
-0.019749	1
-0.000161298	1
-0.00330036	1
-0.00330036	1
0.0105568	1
0.015761	1
-0.000887804	1
0.0187741	1
0.0224437	1
0.00585703	1
0.0205629	1
-0.0022791	1
-0.00497735	1
0.0320843	1
0.00912307	1
0.00596412	1
0.0195365	1
0.0257293	1
-0.0311638	1
0.0078139	1
0.0112938	1
0.0150442	1
-0.0131725	1
0.0277402	1
-0.00992993	1
0.0284585	1
0.0115797	1
-0.00556203	1
0.0373769	1
0.00690206	1
0.0146269	1
0.0353475	1
0.00979769	1
0.0310059	1
0.0164872	1
0.00171707	1
0.000223324	1
0.0176191	1
0.00276196	1
-0.0184074	1
-0.000804422	1
-0.00457753	1
0.00740967	1
0.0111835	1
0.00991396	1
0.00840512	1
-0.0267179	1
0.0103993	1
-0.0137049	1
0.0008032	1
0.0196049	1
0.0047195	1
0.0163164	1
0.018567	1
0.0154517	1
-0.0113053	1
0.000389898	1
-0.00217321	1
0.00861636	1
0.000998221	1
0.0413793	1
-0.0101507	1
0.0428329	1
0.00794864	1
0.00927251	1
0.0164033	1
0.02234	1
-0.00967467	1
-0.0113404	1
0.00670986	1
0.0289749	1
0.0123842	1
0.0166734	1
0.0016224	1
0.014842	1
-0.00437831	1
-0.0158297	1
-0.000292005	1
-0.00481866	1
0.0242342	1
0.0323025	1
0.0386531	1
0.00325578	1
0.024295	1
-0.00037917	1
0.0183929	1
0.00420881	1
0.0101059	1
0.010323	1
0.00198804	1
0.0100009	1
0.00489929	1
0.0176087	1
0.0214599	1
0.00616431	1
-0.00295789	1
0.0112156	1
-0.0200891	1
-0.0299771	1
-0.0102775	1
0.0167229	1
-0.00108532	1
0.0391784	1
0.00358917	1
0.00337324	1
0.00503357	1
-0.00152404	1
-0.0100337	1
0.00322534	1
0.0295853	1
0.0034904	1
0.00323134	1
0.0135757	1
0.015436	1
-0.00256523	1
0.0200368	1
0.00860756	1
0.0061326	1
-0.00456253	1
0.0134947	1
-0.00746289	1
0.0188908	1
0.000832613	1
-0.0182219	1
-0.0010641	1
0.0024375	1
-0.00335551	1
0.00418316	1
0.00315976	1
0.0131167	1
0.00502247	1
-0.00678641	1
-0.00897656	1
0.00914675	1
0.0214461	1
0.0162589	1
0.0216778	1
0.00204008	1
0.0142216	1
-0.00216228	1
0.0123707	1
0.040119	1
-0.016158	1
-0.00278378	1
-0.00216788	1
-0.00198721	1
0.0151151	1
0.0134953	1
0.0198213	1
0.0208114	1
-0.00117797	1
0.0133954	1
-0.0118269	1
-0.00683524	1
-0.00343165	1
0.0168656	1
0.00292471	1
-0.00939537	1
-0.00315629	1
0.0213538	1
0.0196621	1
-0.0154234	1
-0.00419515	1
0.017339	1
0.0219862	1
0.0154744	1
0.0167081	1
-0.0141572	1
0.0119515	1
-0.00682308	1
0.0264786	1
-0.00551515	1
-0.0221372	1
0.0155719	1
-0.000527507	1
-0.00266082	1
-0.00865413	1
-0.0107697	1
0.0139882	1
-0.00209718	1
0.0072531	1
0.00681671	1
0.0175487	1
-0.000278378	1
0.0311671	1
0.00660013	1
0.0370856	1
0.00308134	1
0.0102481	1
0.00502734	1
0.0224286	1
0.00715506	1
0.00754511	1
0.0137289	1
0.00336477	1
0.00340645	1
0.00279488	1
0.0144752	1
-0.00411758	1
0.00260793	1
0.00446326	1
-0.00183061	1
0.015187	1
0.0105997	1
0.0128124	1
0.0301921	1
0.00129825	1
0.0026675	1
0.00675359	1
0.0120446	1
0.0259193	1
0.0127115	1
0.0262449	1
-0.0032035	1
0.00669833	1
0.00901475	1
-0.000940235	1
0.0010754	1
0.00268505	1
-0.0219814	1
0.0252287	1
0.0156216	1
0.00484512	1
0.00563712	1
-0.00353774	1
0.023233	1
-0.0222841	1
0.00254646	1
-0.00196477	1
0.00935359	1
0.0100445	1
0.00783497	1
-0.0138641	1
0.00381242	1
0.0141729	1
0.0171624	1
-0.0100787	1
0.0115331	1
0.0241197	1
0.0296743	1
0.00188798	1
0.00290324	1
0.011911	1
0.00492588	1
-0.0160939	1
0.00131663	1
-0.00401401	1
-0.00430638	1
-0.000871383	1
0.0271793	1
0.0192719	1
-0.00299928	1
0.00794484	1
0.0179491	1
0.0101543	1
0.0180183	1
-0.0113434	1
0.0231415	1
0.0108293	1
0.0280413	1
-0.00146875	1
0.0137731	1
0.0301376	1
0.0336285	1
0.00102211	1
-0.00939903	1
0.0324394	1
-0.00915379	1
0.0228354	1
-0.00578227	1
-0.00650324	1
0.0223456	1
0.00499753	1
0.00811986	1
0.0261615	1
0.00753664	1
0.00914	1
-0.00759549	1
-0.00669941	1
0.0373093	1
-0.0064828	1
0.0129993	1
0.002924	1
-3.55644e-06	1
-0.000313442	1
-0.00927986	1
0.0246705	1
-0.0196774	1
-0.00331212	1
-0.0165822	1
-0.00169201	1
-0.0124412	1
-0.0146147	1
0.0274566	1
-0.00535937	1
-0.00494051	1
0.00333014	1
-0.0184345	1
-0.0113661	1
0.0267788	1
0.0370037	1
0.0293107	1
0.0097325	1
0.000640237	1
0.00412027	1
0.0466623	1
0.00264732	1
-0.000985727	1
-0.00209615	1
0.0241667	1
0.0109343	1
0.0289447	1
0.00770136	1
-0.01136	1
0.0114311	1
0.016352	1
0.0104482	1
0.0164465	1
-0.00823856	1
0.00240944	1
0.0414263	1
0.00606323	1
0.00505068	1
0.00898495	1
0.0228412	1
0.00164286	1
0.00273256	1
0.0245595	1
0.00102546	1
0.00157808	1
0.0227977	1
-0.0064369	1
0.00390985	1
0.00705955	1
0.0109138	1
0.0339413	1
0.000822423	1
0.0277794	1
0.0033367	1
-0.00660006	1
0.0135582	1
-0.0114014	1
-0.0056778	1
0.0166666	1
0.00283955	1
-0.00821483	1
-0.00450693	1
0.0267511	1
0.0138351	1
-0.00303188	1
0.00718123	1
0.00818855	1
0.0070973	1
0.0119939	1
0.0121428	1
0.00522453	1
0.010578	1
-0.0139305	1
0.00769034	1
0.0201821	1
0.0144278	1
0.00226331	1
0.0122119	1
0.0156532	1
-0.00264219	1
0.0137613	1
-0.0168032	1
0.00954464	1
0.00260473	1
0.0150437	1
0.0173293	1
-3.93473e-06	1
0.0160831	1
0.0059826	1
0.0253033	1
-0.00902261	1
0.00580877	1
-0.00338096	1
0.00712959	1
-0.0127775	1
0.0255964	1
-0.0118848	1
0.0130348	1
0.0145495	1
0.0214745	1
0.0112372	1
0.00954947	1
0.00442805	1
0.0242113	1
0.0266092	1
-0.00305395	1
-0.00641086	1
-0.0139191	1
0.0280264	1
0.00738589	1
-0.00534211	1
-0.00361034	1
-0.0134817	1
-0.00290718	1
0.0165069	1
0.000784576	1
-0.0052476	1
0.0110097	1
0.0110097	1
0.0270969	1
0.00363813	1
-0.0067045	1
0.0252391	1
0.00814786	1
-0.0115662	1
-0.00566773	1
0.00339215	1
0.00416542	1
-0.0148199	1
0.0126733	1
0.0328995	1
0.0257623	1
-0.0277417	1
0.0071043	1
-0.00125397	1
-0.000408105	1
0.0145657	1
0.0139299	1
0.00322322	1
0.00636402	1
0.0123031	1
0.00603158	1
0.00966507	1
0.0100538	1
0.00885205	1
0.00055606	1
0.0150595	1
0.0155063	1
0.025591	1
0.0224988	1
0.0343338	1
0.0283829	1
0.0196258	1
0.00561235	1
-0.016129	1
0.0290114	1
0.00799974	1
0.00703463	1
0.0216051	1
-0.0119038	1
0.00247139	1
0.0114285	1
-0.00951495	1
-0.005624	1
0.00646077	1
0.00885349	1
0.00865096	1
0.00908221	1
0.0339311	1
0.0119732	1
-0.00868642	1
0.0305767	1
-0.00826545	1
0.0155196	1
0.00698691	1
0.0147163	1
0.0151214	1
0.0173705	1
0.0169683	1
0.0158111	1
0.0178343	1
0.0309096	1
-0.000151626	1
0.0118296	1
0.00455348	1
-0.0154932	1
0.0223882	1
0.0246627	1
0.0168336	1
0.00573821	1
0.0308547	1
0.00571734	1
0.0149276	1
0.031716	1
0.0157178	1
0.0157178	1
-0.0133535	1
0.00667715	1
-0.0140603	1
0.0140634	1
-0.00635738	1
0.0169573	1
-0.0107	1
-0.00443766	1
0.00328782	1
-0.00782833	1
0.00480654	1
0.0120497	1
0.0159	1
0.0158298	1
0.00271364	1
0.00805887	1
0.00536186	1
-0.00850781	1
0.0061201	1
-6.34654e-05	1
0.00471967	1
0.00478632	1
0.0280916	1
-0.00448459	1
-0.00183754	1
0.0215588	1
0.0201146	1
-0.0117645	1
0.00191615	1
0.0042403	1
-0.014167	1
0.0104861	1
0.0512173	1
0.0194793	1
0.0187849	1
0.000443973	1
-0.00176928	1
0.0154559	1
0.03728	1
0.00355219	1
0.00232056	1
0.0148189	1
-0.00413687	1
0.000964036	1
0.00625684	1
-0.000760153	1
0.0167403	1
-0.00439182	1
0.0192405	1
0.011944	1
-0.0314349	1
0.00435679	1
0.023578	1
-0.0115234	1
0.0208258	1
0.00463055	1
0.0141105	1
0.0266883	1
0.0127576	1
0.0105248	1
0.0219609	1
0.00723651	1
0.00847196	1
0.00490373	1
0.0228041	1
-0.00627441	1
0.0175136	1
0.0400577	1
0.00843238	1
-0.0248331	1
-0.00312407	1
0.00944156	1
-0.0367294	1
-0.00587469	1
-0.0145553	1
0.00624706	1
0.0167298	1
0.00662423	1
0.0371004	1
-0.00468525	1
-0.00148275	1
0.00946033	1
0.0219422	1
0.0209089	1
0.00433572	1
0.0295752	1
-0.0210721	1
0.01601	1
-0.0313987	1
0.0137712	1
0.00206586	1
-0.00235299	1
0.00554911	1
0.0214238	1
-0.00298073	1
0.00705498	1
-0.00923028	1
0.0148503	1
0.0124139	1
0.0350295	1
-0.00440078	1
0.000846062	1
0.0155616	1
0.00949683	1
0.0160205	1
0.0124216	1
-0.0159757	1
0.0136621	1
0.0141865	1
-0.0109082	1
0.0383064	1
0.00844964	1
0.0188222	1
-0.00312914	1
-0.0122461	1
0.00943458	1
-0.00107337	1
-0.00809008	1
-0.0206556	1
-0.00304788	1
0.00888444	1
0.0264602	1
0.0160861	1
-0.00273875	1
0.0185989	1
0.0106649	1
-0.00117892	1
0.00369357	1
0.00369357	1
0.0141528	1
0.0221594	1
-0.0119556	1
-0.00111641	1
0.009653	1
0.023658	1
0.0272544	1
0.00936131	1
0.0020462	1
0.000827916	1
-0.00524341	1
-0.0143987	1
0.00114655	1
-0.000673121	1
-0.00273912	1
0.031117	1
0.013273	1
0.013988	1
0.0100363	1
0.0247805	1
0.01595	1
0.0309778	1
0.00586636	1
0.000775559	1
-0.00295763	1
-0.00501855	1
0.0146133	1
0.00365376	1
0.00817704	1
0.000156478	1
-0.0123018	1
0.0101521	1
0.0106099	1
-0.000180516	1
0.00804186	1
0.0171927	1
0.00777371	1
0.00930212	1
0.0186568	1
0.0282359	1
-0.0105462	1
0.0102912	1
0.00150336	1
0.0196642	1
0.00500793	1
0.00762314	1
0.0365014	1
0.0092335	1
0.000218307	1
0.0167012	1
0.00250329	1
-0.00525743	1
0.00519327	1
0.0031621	1
0.0193052	1
0.00553779	1
0.00437631	1
-0.00862017	1
-0.00927887	1
-0.00361414	1
0.0155227	1
0.0132795	1
-0.00754183	1
-0.00742152	1
-0.00179351	1
0.00380351	1
0.00914681	1
-0.00617847	1
0.00355532	1
-0.0152909	1
0.0275818	1
0.0117015	1
0.0123903	1
-0.0230725	1
-0.00288186	1
0.000802553	1
0.0152271	1
-0.00978123	1
-0.0338767	1
0.0194565	1
0.0324818	1
0.00916084	1
0.00727242	1
0.0194802	1
-0.0120682	1
0.0190424	1
0.0193769	1
0.00465317	1
-0.00442914	1
-0.00402146	1
0.00212254	1
-0.00203631	1
0.00973673	1
-0.0112121	1
0.0306095	1
-0.00300511	1
-0.0183245	1
0.00615707	1
0.0276695	1
0.00434859	1
0.0298023	1
-0.00904791	1
-0.0166516	1
0.0249472	1
0.0117737	1
-0.006208	1
-0.00451125	1
0.023664	1
-0.013374	1
0.0157036	1
0.0172288	1
0.00514135	1
0.0333676	1
0.0164177	1
0.018989	1
-0.00303302	1
0.0216299	1
0.0245162	1
0.0213886	1
0.00776961	1
0.0172154	1
0.0160699	1
0.0189492	1
-0.0210895	1
-0.0142145	1
0.0143008	1
0.0135694	1
0.0133623	1
0.0259205	1
0.00206799	1
0.00478018	1
0.0119464	1
0.032824	1
0.0144821	1
0.00379467	1
0.00538737	1
0.0177582	1
-0.0143087	1
0.0113488	1
0.0223283	1
0.00499901	1
0.0142716	1
0.0178328	1
0.0232825	1
0.0226972	1
0.00812846	1
0.0101575	1
-0.00191233	1
0.0277503	1
-0.000649525	1
-0.0186661	1
0.0316768	1
0.0114889	1
-0.005289	1
0.0197975	1
-0.00675997	1
-0.000630429	1
-0.0124831	1
0.00808423	1
0.00808423	1
0.0100669	1
-0.0152089	1
0.00430695	1
0.0104844	1
0.00641214	1
0.0230509	1
0.00619355	1
0.00079161	1
0.00769944	1
-0.0118231	1
-0.0028219	1
0.0267616	1
0.0113726	1
-0.00371545	1
0.0332153	1
0.00979101	1
0.0210819	1
0.00388214	1
0.0247794	1
0.00319093	1
-0.00104819	1
0.0073471	1
0.0153363	1
-0.00683906	1
0.00398581	1
0.0217197	1
-0.0093819	1
0.0148953	1
-0.00802865	1
0.00344442	1
-0.000610665	1
-0.005167	1
0.022661	1
0.0302976	1
0.000496457	1
0.00288064	1
0.0174576	1
-0.00355451	1
-0.009654	1
0.00218419	1
0.00218419	1
0.00387016	1
0.00872732	1
-0.0107728	1
-0.0109322	1
0.0289736	1
0.0173147	1
-0.00802051	1
0.00331573	1
0.00510306	1
0.00255729	1
0.00691368	1
0.00788713	1
-0.00174894	1
-0.00613679	1
0.035868	1
0.00408365	1
0.0127513	1
0.00377673	1
-0.00822588	1
-0.00842615	1
-0.0130492	1
-0.0160853	1
0.0143612	1
0.0152665	1
0.0154765	1
0.0189882	1
0.0160715	1
0.0174242	1
0.0304254	1
0.0290652	1
0.0160659	1
0.00853361	1
-0.0329837	1
0.013438	1
0.00402976	1
0.00549276	1
0.0244181	1
0.0276735	1
0.00446519	1
0.022892	1
0.00666766	1
0.0136116	1
-0.0152537	1
0.0159999	1
0.0135812	1
-0.0329156	1
0.0173581	1
0.0110297	1
0.006566	1
0.0132374	1
-0.00403281	1
0.00977032	1
0.0244001	1
-0.00398581	1
0.0242335	1
-0.00994593	1
0.0005663	1
-0.00175542	1
0.0318544	1
-0.0122628	1
0.0192643	1
0.0355264	1
0.00972043	1
-0.0098652	1
0.0156138	1
-0.0118957	1
0.000963863	1
0.0162905	1
-0.00709739	1
-0.0078353	1
-0.00606742	1
0.0331455	1
-0.0142627	1
0.0117846	1
0.0205069	1
0.0388883	1
-0.00990406	1
0.0102814	1
0.0161167	1
0.00318538	1
-0.00296606	1
0.00141924	1
0.0223509	1
0.00118669	1
0.00799636	1
0.0143348	1
-0.00448809	1
0.00400152	1
-0.00735911	1
0.0142729	1
-0.00781367	1
0.0227061	1
0.031637	1
0.0169404	1
0.00422554	1
-5.15117e-05	1
0.00270344	1
0.0016758	1
0.0183163	1
-0.0124417	1
0.00226735	1
0.00886292	1
0.00676272	1
0.0368428	1
0.00940322	1
0.00649222	1
-0.00560592	1
0.0279754	1
0.013003	1
-0.00582397	1
0.0154087	1
-0.011741	1
-0.0251569	1
-0.00138066	1
0.0345637	1
0.0265409	1
-0.00568308	1
0.0168533	1
0.0144963	1
0.0140406	1
0.0108377	1
0.00775134	1
0.0120948	1
-0.00701693	1
-0.00388488	1
0.00567946	1
0.00334234	1
0.0133477	1
0.0105835	1
0.0100829	1
0.00628794	1
0.0101001	1
0.00872	1
0.00719928	1
0.00719152	1
0.00871408	1
0.012615	1
0.000169646	1
0.0107977	1
0.0261165	1
-0.0226716	1
0.0259771	1
0.0172467	1
0.00377773	1
0.0159615	1
0.0131698	1
0.00984074	1
0.0119345	1
0.0111936	1
-0.00144347	1
-0.0136263	1
-0.00637443	1
0.0166934	1
0.0257018	1
-0.00299926	1
0.00147225	1
0.0121458	1
0.0125158	1
0.0237478	1
-0.00329969	1
0.0095022	1
0.0145733	1
0.031681	1
0.0155974	1
0.0141351	1
-0.00654044	1
-0.0077274	1
0.00717497	1
0.0221091	1
0.0228352	1
0.00802273	1
-0.00173836	1
0.0246423	1
0.0351213	1
-0.000289015	1
-0.00153989	1
0.0185795	1
-0.00434001	1
-0.00625957	1
0.0371764	1
0.0118326	1
0.00627551	1
-0.00224143	1
0.00427008	1
-0.000267412	1
0.0129172	1
0.00539682	1
-0.0113064	1
0.00613736	1
0.00725147	1
-0.000592783	1
-0.00474205	1
0.00920992	1
0.0159113	1
0.0108135	1
-0.00180071	1
0.00967707	1
-0.022722	1
0.0194086	1
0.000468803	1
0.0122594	1
-0.0110788	1
0.0137732	1
0.00361597	1
-0.00177476	1
-0.00810918	1
0.0296819	1
0.014908	1
0.00647846	1
0.0222799	1
0.0081356	1
-0.0271443	1
0.0198759	1
-0.0100865	1
0.0487729	1
0.00630279	1
0.0174453	1
0.0120774	1
0.0120836	1
0.0271951	1
-0.00961996	1
-0.0193629	1
-0.0144323	1
0.0187289	1
0.0140724	1
-0.0106184	1
0.014699	1
0.00772632	1
-0.00222641	1
-0.0133559	1
0.00670573	1
0.01178	1
0.00946189	1
-0.0131725	1
0.0035068	1
0.0264755	1
0.0163601	1
-0.00381909	1
0.00295294	1
0.0289886	1
-0.0122833	1
0.00338866	1
-0.0154734	1
0.0234674	1
0.00481923	1
-0.0107667	1
0.0168894	1
-0.00659207	1
-0.00316043	1
0.0143674	1
-0.00278839	1
0.00394475	1
0.0038261	1
0.00075505	1
-0.00548775	1
0.0186708	1
0.0032125	1
0.0078415	1
-0.0115379	1
-0.00462886	1
0.0253163	1
0.0129364	1
0.0135092	1
0.00997867	1
0.00391567	1
-0.00404496	1
-0.00734163	1
0.00354139	1
9.61918e-05	1
0.0110894	1
-0.00666428	1
-0.0322978	1
0.017551	1
-0.00392973	1
0.0162201	1
0.010251	1
-0.00529134	1
0.0134073	1
0.00841675	1
-0.00434642	1
0.0204777	1
-0.0171578	1
0.000318397	1
0.0268931	1
0.00736231	1
-0.00775173	1
0.033001	1
0.00679128	1
0.0292676	1
-0.00776949	1
0.00550238	1
-0.000671031	1
0.0365972	1
0.00375995	1
0.0186295	1
0.0240041	1
0.0176632	1
0.0129436	1
0.0249312	1
0.0187038	1
0.00932311	1
-0.00100206	1
0.0195151	1
-0.00326082	1
-0.0125424	1
0.0204776	1
0.0367988	1
0.0265285	1
0.0186502	1
0.00475485	1
-0.000381735	1
0.032601	1
-0.0089548	1
-0.0022931	1
0.00681633	1
0.0106038	1
0.0153717	1
0.00796023	1
-0.0104343	1
-0.0145495	1
0.000699858	1
0.00425397	1
0.0164508	1
-0.0117039	1
0.00828672	1
0.0118371	1
0.000325698	1
0.0193818	1
0.00167248	1
0.0181396	1
0.00997739	1
0.0111024	1
0.00759987	1
-0.0197952	1
0.0152492	1
0.00172732	1
-0.0064344	1
-0.00166213	1
-0.0089705	1
-0.0252412	1
0.023612	1
-0.00058975	1
0.00656337	1
0.0235245	1
-0.00660042	1
0.0164718	1
0.00782712	1
0.0171568	1
0.0210636	1
0.0050088	1
0.0053374	1
-0.00870274	1
0.0163106	1
-0.0161361	1
0.00709258	1
0.00159829	1
0.01461	1
0.0149291	1
0.0146009	1
0.0239222	1
0.00317799	1
0.00142178	1
0.0036793	1
-0.000820473	1
0.0102983	1
0.02695	1
0.0427254	1
0.0170342	1
0.0126069	1
0.00129718	1
-0.00448728	1
-0.0279477	1
0.00373606	1
-0.00135909	1
0.00636475	1
0.0159624	1
0.0144873	1
0.00632792	1
-0.0139017	1
0.0196244	1
0.0103358	1
-0.00567566	1
0.0173037	1
-0.00125414	1
-0.0260955	1
-0.0124946	1
0.0221548	1
-0.0144951	1
0.00909423	1
0.00735222	1
0.0113911	1
0.0036981	1
0.00171505	1
-0.00498772	1
-0.0147534	1
0.0155475	1
-0.00446778	1
0.00745005	1
0.0357269	1
0.000404086	1
0.0137708	1
-0.00693779	1
0.00319702	1
-0.0116627	1
0.0220066	1
-0.00409183	1
-0.0160821	1
0.0277251	1
0.00355641	1
0.0229885	1
0.00542339	1
-0.00991078	1
0.00506734	1
0.0112044	1
0.0245467	1
0.00224942	1
0.00562823	1
0.00126851	1
0.0156635	1
0.00146874	1
-0.00484039	1
-0.0154382	1
-0.0015996	1
0.0159571	1
0.0037844	1
0.0275812	1
0.00178013	1
0.0134887	1
-0.0123479	1
0.0216166	1
0.00618064	1
-0.00426136	1
0.01086	1
0.0051398	1
-7.58082e-05	1
0.0025417	1
-0.00586843	1
0.00478722	1
0.018746	1
-0.0340273	1
0.0377207	1
0.0221799	1
0.0150003	1
0.0193034	1
0.00688875	1
0.016654	1
-0.00912272	1
-0.00399239	1
-0.0151593	1
-0.00765174	1
0.0065275	1
-0.000129285	1
0.00612274	1
0.00543782	1
-0.00378902	1
0.0342404	1
0.0328946	1
0.0122952	1
-0.00106923	1
0.025652	1
0.0148312	1
0.0199434	1
-0.0199396	1
-0.00311946	1
0.0308381	1
-0.00206095	1
-0.00213469	1
-0.000182529	1
0.0234208	1
0.00964805	1
0.0338604	1
-0.000568368	1
-0.0143965	1
0.0133932	1
0.0134115	1
-0.0132322	1
0.0221281	1
0.0010653	1
-0.000491237	1
-0.00140156	1
-0.00551257	1
0.00834176	1
0.00602332	1
0.0236244	1
0.0208231	1
0.00690476	1
0.0075363	1
0.00780788	1
0.00877641	1
0.00653603	1
0.0121255	1
-0.00271492	1
-0.0161183	1
0.0267832	1
-0.00207764	1
-0.013913	1
-0.00298054	1
0.00524193	1
0.0064668	1
0.0319284	1
-0.0145156	1
-0.0239551	1
0.00589558	1
-0.0270589	1
0.0366961	1
0.0264926	1
0.00874659	1
-0.00981115	1
0.0249958	1
0.0170115	1
0.000344524	1
0.00179111	1
-0.0174934	1
0.000870387	1
0.000870387	1
0.00445237	1
0.0141228	1
0.0020864	1
0.0295919	1
0.030851	1
0.000643063	1
-0.00907672	1
0.029285	1
-0.0178377	1
0.00648676	1
0.0290558	1
-0.000881384	1
0.0215875	1
0.04182	1
-0.0032403	1
0.0174955	1
0.00644814	1
0.0176454	1
0.00172993	1
-0.0171608	1
-0.00450422	1
0.0270473	1
0.0205221	1
-0.0053772	1
-0.00763195	1
0.0112189	1
-0.00844236	1
0.0118698	1
0.00217321	1
0.0111168	1
0.00670821	1
0.0211807	1
0.00508445	1
-0.0150251	1
0.00106273	1
0.00256829	1
-0.00434648	1
0.0141751	1
-0.00355305	1
-0.0114481	1
-0.00463768	1
0.0242358	1
-0.0211964	1
-0.0019885	1
-0.0172266	1
0.0021713	1
0.018017	1
0.00474184	1
0.0295969	1
-0.0134074	1
0.0287418	1
-0.0108826	1
-0.00425224	1
0.030152	1
0.00055836	1
-0.0193085	1
-0.0175612	1
0.0146054	1
0.0189848	1
0.0128138	1
0.0189118	1
0.0130403	1
0.00677597	1
-0.0128079	1
0.0120709	1
0.00167332	1
0.00548239	1
0.0103295	1
-0.00785005	1
0.00679211	1
0.0206912	1
0.0226678	1
0.0125998	1
0.00169529	1
0.0143133	1
0.00106129	1
0.0290127	1
0.0441994	1
0.0175884	1
-0.00206845	1
-0.0117909	1
-0.000731652	1
0.004921	1
0.00779154	1
0.00505758	1
0.0221828	1
0.00818152	1
0.0050119	1
0.0352259	1
-0.00450319	1
0.00802436	1
0.010814	1
-0.000519552	1
0.024455	1
-0.0080615	1
-0.00191132	1
-0.00390497	1
0.011993	1
-0.00111847	1
0.00686812	1
0.0150662	1
0.0132483	1
0.0150789	1
0.0028748	1
0.001372	1
0.00118161	1
0.0147826	1
0.0153701	1
0.0115345	1
0.00791754	1
-0.0102454	1
-0.00535982	1
0.00914547	1
0.0153592	1
0.00778418	1
0.000318826	1
0.0319641	1
0.00891509	1
-0.00382649	1
0.00139378	1
0.00897667	1
-0.00391313	1
0.0128996	1
0.0115384	1
0.00401659	1
0.0386948	1
0.00499769	1
-0.0262737	1
0.0119745	1
0.0106251	1
-0.00695274	1
0.0415124	1
0.0314282	1
0.0193054	1
0.0253122	1
0.00230432	1
0.0180016	1
0.0287719	1
0.00698713	1
-0.0104509	1
-0.0162841	1
0.00305539	1
-0.0128792	1
-0.0087837	1
0.00643492	1
0.00563131	1
0.0144147	1
0.00594677	1
-0.0262536	1
-0.00967595	1
-0.00369736	1
0.00741977	1
0.0373614	1
0.00645086	1
0.0246322	1
0.00399471	1
0.00207659	1
-0.00148873	1
0.0031094	1
0.0205382	1
0.0108432	1
0.01095	1
-0.0233413	1
0.0103071	1
0.00192334	1
0.00455998	1
-0.00476985	1
0.00428652	1
-0.00392084	1
-0.0121942	1
0.0185789	1
0.0193308	1
-0.00615321	1
0.0178836	1
0.0294515	1
0.0245371	1
-0.00547875	1
0.00249449	1
0.0297827	1
0.0172247	1
0.0488427	1
-0.00611531	1
0.00711991	1
-0.00555459	1
0.00126192	1
0.00108123	1
0.0189746	1
0.0189746	1
0.0189746	1
0.00335766	1
0.0044843	1
0.00857537	1
0.0152689	1
0.00998411	1
-0.0145507	1
-0.0110325	1
0.00887767	1
0.00940773	1
0.00644891	1
0.0161105	1
0.0324029	1
0.00270671	1
0.0113006	1
0.0146133	1
0.014309	1
-0.00512435	1
0.0219145	1
0.0111256	1
0.00654021	1
0.00142541	1
0.0133522	1
0.0113663	1
0.026728	1
0.0066185	1
-0.0210265	1
0.0203157	1
-0.0143827	1
-0.00282174	1
0.00716678	1
0.0175279	1
0.0218757	1
-0.000509643	1
-0.00676773	1
-4.92096e-05	1
0.0214813	1
0.0112828	1
0.0247216	1
-0.00103138	1
0.0171412	1
0.0313831	1
0.00495616	1
0.00642737	1
-0.0206515	1
0.00497623	1
0.00419811	1
0.020091	1
0.021344	1
0.0142458	1
0.00537981	1
0.0113497	1
-0.0114403	1
-0.0157437	1
0.0240929	1
-0.0114406	1
0.0172534	1
0.0236643	1
0.0151017	1
-0.00859208	1
0.0194265	1
0.0100571	1
0.0100141	1
-0.0175837	1
0.0194392	1
0.0221864	1
-0.0157757	1
0.0140099	1
-0.0152512	1
0.0180877	1
-0.00580663	1
0.00669316	1
0.0290138	1
0.0298745	1
0.0276496	1
0.00012381	1
0.0144552	1
0.0021949	1
0.0294202	1
0.00896037	1
-0.00330264	1
0.0206482	1
0.024272	1
0.0109419	1
-0.0100534	1
-0.00681513	1
0.00519041	1
-0.0019945	1
0.0182076	1
-0.00382866	1
0.0173252	1
0.00312194	1
0.0138744	1
0.0037317	1
-0.00786647	1
0.00701125	1
0.0160942	1
0.00723546	1
-0.00219564	1
0.0382702	1
0.0264456	1
0.0148739	1
0.000110179	1
0.0173856	1
0.015908	1
0.00838402	1
-0.00408982	1
0.00119756	1
-0.0191955	1
0.00051441	1
0.0267878	1
0.00928916	1
0.0261848	1
0.00995406	1
0.0149084	1
0.011557	1
0.0126732	1
0.00179009	1
-0.00583993	1
0.0175287	1
-0.00872812	1
-0.000331767	1
0.0070495	1
0.0147604	1
0.00212337	1
-0.0173247	1
0.0155293	1
0.0112511	1
0.0103348	1
-0.013536	1
0.011728	1
-0.0161305	1
-0.000751248	1
0.00297291	1
-0.0208137	1
-0.00554634	1
0.00522132	1
0.0225979	1
-0.0323497	1
-5.96619e-05	1
0.000981668	1
-0.00990979	1
0.0178771	1
0.0388673	1
0.0064765	1
-0.00388865	1
0.0105745	1
0.0279474	1
-0.000283039	1
-0.0196684	1
0.0167516	1
0.00253071	1
-0.00553217	1
-0.00819622	1
0.0116355	1
0.0199682	1
-0.0231326	1
0.0212273	1
-0.0209046	1
-0.0126581	1
-0.00498891	1
-0.0112069	1
-0.00100743	1
0.0178986	1
0.0037614	1
0.00820957	1
0.0162267	1
-0.00616098	1
0.0365396	1
0.0185382	1
0.00368476	1
0.00546898	1
0.0196595	1
-0.0032212	1
0.00576421	1
0.0257597	1
0.0126524	1
0.00367421	1
-0.00585833	1
0.0140855	1
0.0188112	1
0.0247057	1
0.0186839	1
0.0217291	1
-0.00712909	1
-0.00580183	1
0.00235383	1
-0.00909519	1
0.00578222	1
-0.000140622	1
0.0262818	1
0.0158113	1
0.0191212	1
0.00137091	1
0.0251985	1
0.00304095	1
0.0106706	1
0.0172669	1
-0.00103669	1
0.0172199	1
0.0122181	1
0.00259512	1
-0.00461467	1
0.0107345	1
0.0152709	1
0.026487	1
0.00315263	1
0.0268816	1
0.00155917	1
0.0290934	1
0.00494748	1
0.0230737	1
-0.00665508	1
0.0204221	1
-0.00614783	1
-0.00310105	1
-0.00265793	1
0.00254005	1
0.00777321	1
0.000759715	1
0.0152457	1
0.0394982	1
0.0188897	1
-0.00651837	1
-0.027736	1
0.00859865	1
-0.00278685	1
0.0129282	1
-0.0123701	1
0.0037665	1
-0.000631459	1
0.0160612	1
0.0294377	1
0.0167586	1
0.0135609	1
0.0142644	1
0.0298401	1
-0.00298415	1
-0.0155506	1
0.0253579	1
0.00700416	1
0.00626504	1
0.0228546	1
0.0105989	1
0.00574078	1
8.30234e-05	1
0.00203175	1
0.00542999	1
0.00672425	1
-0.0125323	1
-0.000304178	1
0.0156553	1
0.00311713	1
0.0233165	1
0.0177634	1
-0.0157827	1
-0.00512445	1
0.00132305	1
0.00870336	1
0.0218881	1
-0.008975	1
0.0136103	1
0.0318372	1
0.0103629	1
-0.0202854	1
-0.00769607	1
0.00280988	1
-0.0299274	1
0.00921357	1
0.0127186	1
0.0070585	1
0.0138877	1
0.00265486	1
0.00375858	1
0.0274259	1
0.00606177	1
-0.00638097	1
0.00753595	1
0.013293	1
0.0202659	1
-0.00141214	1
0.0358391	1
-0.0120989	1
0.000618384	1
0.0126645	1
0.0218167	1
0.0204291	1
0.0232351	1
0.00963601	1
0.0101226	1
0.0282082	1
0.0262159	1
-0.00403379	1
0.0355671	1
0.0198026	1
-0.00244572	1
-0.00939261	1
-0.0162662	1
-0.0131707	1
-0.000397072	1
0.0110598	1
0.0127142	1
0.0182242	1
0.0195008	1
0.0218387	1
0.0311662	1
-0.0141662	1
0.0260173	1
0.00299848	1
0.0157455	1
-0.00837495	1
0.00119477	1
0.0189772	1
-0.000378257	1
0.0123622	1
-0.00062979	1
-0.00592818	1
0.00472446	1
-0.00649636	1
-0.00597334	1
0.0100103	1
0.0135944	1
0.0101029	1
0.0101029	1
0.0109886	1
-0.00840762	1
0.00183486	1
-0.0100691	1
0.0118345	1
-0.00826391	1
0.011903	1
0.00788007	1
0.0131196	1
0.00137364	1
-0.0030126	1
0.00838179	1
0.015581	1
-0.016407	1
-0.00477181	1
0.0339457	1
0.0108323	1
0.016189	1
0.0104067	1
-0.0051414	1
0.0135248	1
-0.0295986	1
0.00220533	1
0.0287619	1
0.0205396	1
0.0125159	1
-0.00510101	1
0.00209362	1
-0.00361848	1
0.0113395	1
-0.0100958	1
-0.0142629	1
0.0214112	1
0.0245437	1
0.00857027	1
0.00827051	1
0.0143695	1
-0.00991513	1
-0.00969816	1
-0.00780973	1
0.0157894	1
-0.0111678	1
-0.000366969	1
0.00477112	1
0.0184075	1
0.00849354	1
-0.0228513	1
0.0199823	1
0.00923549	1
-0.00115367	1
-0.00383738	1
0.00633645	1
-0.0125514	1
0.0107859	1
0.0164076	1
-0.0119153	1
0.00626101	1
0.00502825	1
0.0223749	1
0.00849358	1
-0.000187295	1
0.00544719	1
0.00973344	1
0.00280207	1
0.00854528	1
-0.0171266	1
-0.00448892	1
0.0123373	1
0.00575865	1
-0.0145825	1
0.00119471	1
0.0112524	1
0.00715632	1
0.00929417	1
0.0104743	1
0.0119876	1
0.027752	1
0.0155556	1
0.0154963	1
0.00585233	1
-0.0127353	1
0.00136692	1
0.00215465	1
0.00899487	1
-0.00267244	1
0.0108244	1
0.0335614	1
0.00546744	1
0.00677778	1
-0.00434896	1
0.00818756	1
0.0157814	1
0.0216125	1
-0.00452429	1
0.0180632	1
-0.000280592	1
-0.00308328	1
0.0100051	1
-0.0115151	1
0.000993335	1
-0.0197658	1
0.0258576	1
0.0273635	1
0.0291206	1
0.00197934	1
-0.00145622	1
0.000769105	1
0.023275	1
0.0174584	1
0.00993919	1
-0.0221925	1
-0.00462322	1
0.0216448	1
-0.0147382	1
0.0111204	1
-0.0108451	1
-0.00173757	1
-0.00519967	1
-0.00828126	1
0.0180676	1
0.0141425	1
0.0124833	1
0.002104	1
0.00855122	1
0.0153231	1
0.00973812	1
0.0254014	1
0.0144228	1
-0.00150721	1
-0.00885222	1
0.022813	1
0.0417838	1
0.0307796	1
0.0173339	1
0.0188478	1
-0.00130534	1
-0.0119068	1
0.000875739	1
0.0093397	1
0.00593604	1
-0.00697337	1
0.00370258	1
-0.0104967	1
0.0112888	1
0.022682	1
0.0258123	1
0.0139857	1
-0.0173552	1
-0.0111163	1
0.0138317	1
-0.0043873	1
-0.00749958	1
0.0210028	1
0.019432	1
0.0116827	1
-0.00597686	1
-0.00985737	1
0.00440929	1
0.00105492	1
0.0127892	1
0.0233649	1
-0.0142073	1
0.00450924	1
-0.0137054	1
0.0186325	1
0.0223591	1
0.0111871	1
0.0162928	1
0.007469	1
0.00988604	1
0.0196439	1
0.026385	1
0.00980417	1
0.0194408	1
-0.00936806	1
0.00449394	1
0.00386412	1
0.00466619	1
0.0215482	1
0.0147194	1
0.0119401	1
0.0105073	1
0.00493057	1
0.0225669	1
0.00780696	1
0.0157321	1
-0.00356001	1
0.0171802	1
0.00674643	1
0.0283171	1
0.0330796	1
0.00156629	1
0.00596369	1
0.00629566	1
-0.000663965	1
0.0231433	1
0.0183595	1
0.00266916	1
0.0209876	1
0.00467671	1
0.0111069	1
-0.000221094	1
0.0115337	1
0.0294476	1
0.0208399	1
0.0225666	1
0.0207136	1
0.000954593	1
0.00397625	1
-0.0174316	1
-0.0126138	1
0.000284855	1
0.0116009	1
-0.00915404	1
-0.00338843	1
0.0119111	1
-0.00225523	1
-0.00187599	1
-0.00379858	1
0.0262666	1
0.00217527	1
0.0318599	1
0.00484679	1
0.0160673	1
0.0092558	1
0.00426653	1
0.0036406	1
0.000737357	1
0.0205196	1
0.0130608	1
0.0289259	1
-0.0109803	1
0.0120358	1
0.0206047	1
0.0214494	1
-0.0161797	1
-0.012568	1
-0.0112355	1
0.0244862	1
0.00433469	1
0.0211603	1
0.0178131	1
0.0195908	1
-0.00277666	1
0.0451366	1
0.000188185	1
-0.00503643	1
0.0132661	1
-0.00216052	1
0.0207929	1
-0.0214852	1
-0.00897754	1
-0.00731743	1
-0.0171529	1
0.00571842	1
0.0191768	1
0.0253552	1
-0.0151361	1
0.0249446	1
-0.00095075	1
-0.0174377	1
0.0154602	1
0.00486624	1
-0.0188062	1
-0.0107462	1
-0.0115821	1
0.0247295	1
0.037551	1
0.0218626	1
0.0131288	1
0.00452371	1
-0.0111973	1
0.0187127	1
-0.0150116	1
-0.00306637	1
-0.00115909	1
0.0288144	1
-0.00554714	1
0.00983463	1
0.0290264	1
0.00992026	1
0.020221	1
0.0213965	1
-0.0302797	1
0.0030753	1
0.0144269	1
0.0236955	1
-0.0132695	1
0.0101417	1
0.00522601	1
0.0160296	1
0.012879	1
0.0127735	1
0.0153072	1
-0.00230726	1
-0.00510824	1
0.00273115	1
0.0213783	1
-0.00452827	1
0.0138211	1
-0.00628932	1
0.0282332	1
0.00612021	1
0.00661062	1
0.0125026	1
0.00321698	1
-0.00293263	1
0.00708562	1
0.0224505	1
0.0313432	1
0.0249871	1
0.00724941	1
0.0120103	1
-0.00444113	1
0.0181101	1
0.0255137	1
-0.0346118	1
0.0116373	1
-0.0141867	1
0.0023641	1
0.0231858	1
0.00110467	1
-0.0208796	1
-0.00413235	1
0.0144685	1
0.0139109	1
0.00647324	1
0.0125888	1
0.00704907	1
-0.00706356	1
0.0238203	1
-0.0239809	1
0.000604013	1
-0.00737025	1
-2.6226e-05	1
0.0121626	1
-0.00800187	1
-0.0137345	1
0.0133527	1
0.0408751	1
0.0124692	1
0.00332838	1
0.0095609	1
0.0125062	1
-0.00171257	1
-0.00470422	1
0.0192295	1
0.00149595	1
0.00149595	1
0.00861613	1
0.012683	1
0.0176118	1
0.00922113	1
0.0232371	1
0.00458635	1
0.00449964	1
-0.0065719	1
0.015194	1
0.0116967	1
0.0110164	1
0.00555254	1
0.0136009	1
0.0245167	1
-0.0203114	1
0.0217497	1
-0.00719291	1
0.0127108	1
0.013247	1
0.00975684	1
0.0182286	1
-0.00298887	1
-0.00593728	1
0.0103391	1
-0.0154102	1
0.0117355	1
0.00479149	1
0.0241069	1
0.00465292	1
-0.0227712	1
-0.00115357	1
-0.00900655	1
0.00299802	1
0.0151182	1
0.0170444	1
0.0271691	1
0.00500041	1
-0.00295773	1
0.00386481	1
0.00958435	1
0.02263	1
0.0304345	1
-0.00991243	1
0.00264872	1
0.00754411	1
-0.00520017	1
-0.0144633	1
0.0265143	1
0.00649843	1
0.00467159	1
0.0185546	1
0.0199095	1
0.0245816	1
-0.019766	1
0.0155735	1
