;First Position;Second Position;p_value
1;2;3;0.0046620047
2;2;6;0.1923076923
3;2;27;0.0046620047
4;3;4;0.0046620047
5;3;6;0.1923076923
6;3;17;0.1923076923
7;3;27;0.0005827506
8;3;27;0.0046620047
9;4;12;0.1923076923
10;4;17;0.1923076923
11;4;26;0.1923076923
12;4;27;0.0005827506
13;6;27;0.1923076923
14;12;27;0.1923076923
15;17;27;0.1923076923
16;26;27;0.1923076923
