;First Position;Second Position;p_value
1;2;3;0.030969031
2;2;27;0.030969031
3;3;4;0.0909090909
4;3;7;0.1098901099
5;3;8;0.1098901099
6;3;10;0.1098901099
7;3;12;0.1098901099
8;3;22;0.1098901099
9;3;23;0.1098901099
10;3;26;0.1098901099
11;3;27;0.020979021
12;3;27;0.0909090909
13;3;28;0.1098901099
14;3;33;0.1098901099
15;3;34;0.1098901099
16;3;35;0.1098901099
17;3;37;0.1098901099
18;3;38;0.1098901099
19;4;5;0.1098901099
20;4;7;0.1098901099
21;4;10;0.1098901099
22;4;12;0.0274725275
23;4;15;0.1098901099
24;4;16;0.1098901099
25;4;21;0.1098901099
26;4;22;0.1098901099
27;4;23;0.1098901099
28;4;26;0.0274725275
29;4;27;0.020979021
30;4;28;0.1098901099
31;4;31;0.1098901099
32;4;33;0.1098901099
33;4;34;0.1098901099
34;4;34;0.1098901099
35;4;35;0.1098901099
36;4;36;0.1098901099
37;4;37;0.1098901099
38;4;38;0.1098901099
39;4;39;0.1098901099
40;5;19;0.1098901099
41;5;26;0.1098901099
42;5;27;0.1098901099
43;7;8;0.1098901099
44;7;27;0.1098901099
45;8;27;0.1098901099
46;10;12;0.1098901099
47;10;22;0.1098901099
48;10;27;0.1098901099
49;10;35;0.1098901099
50;12;16;0.1098901099
51;12;21;0.1098901099
52;12;22;0.1098901099
53;12;27;0.0274725275
54;12;34;0.1098901099
55;12;35;0.1098901099
56;12;36;0.1098901099
57;15;26;0.1098901099
58;15;27;0.1098901099
59;15;31;0.1098901099
60;15;39;0.1098901099
61;16;27;0.1098901099
62;16;34;0.1098901099
63;17;37;0.1098901099
64;19;26;0.1098901099
65;19;27;0.1098901099
66;21;27;0.1098901099
67;21;36;0.1098901099
68;22;27;0.1098901099
69;22;35;0.1098901099
70;23;26;0.1098901099
71;23;27;0.1098901099
72;23;38;0.1098901099
73;26;27;0.0274725275
74;26;31;0.1098901099
75;26;38;0.1098901099
76;26;39;0.1098901099
77;27;28;0.1098901099
78;27;31;0.1098901099
79;27;33;0.1098901099
80;27;34;0.1098901099
81;27;34;0.1098901099
82;27;35;0.1098901099
83;27;36;0.1098901099
84;27;37;0.1098901099
85;27;38;0.1098901099
86;27;39;0.1098901099
87;28;34;0.1098901099
88;31;39;0.1098901099
