test,replications,elapsed,relative,user.self,sys.self,x_length
conventional,10,0.557000000000698,61.889,0.509000000000015,0.0360000000000014,1000
runstats,10,0.00900000000547152,1,0.00599999999997181,0.00199999999999534,1000
conventional,10,5.2219999999943,261.1,5.18100000000004,0.0319999999999965,10000
runstats,10,0.0199999999967986,1,0.0180000000000291,0.00199999999999534,10000
conventional,10,65.8799999999974,107.823,63.797,0.323000000000008,100000
runstats,10,0.611000000004424,1,0.491999999999962,0.0660000000000025,100000
conventional,10,689.097999999998,128.395,669.618,2.93899999999999,1000000
runstats,10,5.36699999999837,1,4.94100000000003,0.424999999999997,1000000
