test,replications,elapsed,relative,user.self,sys.self,x_length,pattern_length
runstats,10,0.00300000000000011,1,0.00299999999999967,0,1000,100
runstats,10,0.0310000000000059,1,0.0250000000000004,0.00600000000000001,10000,100
runstats,10,0.384999999999998,1,0.328,0.056,100000,100
runstats,10,5.694,1,5.509,0.171,1000000,100
runstats,10,126.393,1,121.007,4.954,10000000,100
