test,replications,elapsed,relative,user.self,sys.self,x_length
conventional,10,0.671999999999969,224,0.663999999999987,0.00600000000000023,1000
runstats,10,0.0029999999999859,1,0.00199999999998113,0,1000
conventional,10,7.608,271.714,7.459,0.0500000000000007,10000
runstats,10,0.02800000000002,1,0.0240000000000009,0.00300000000000011,10000
conventional,10,75.43,209.528,75.198,0.149,100000
runstats,10,0.360000000000014,1,0.311000000000007,0.048,100000
conventional,10,768.454,138.286,764.844,2.638,1000000
runstats,10,5.55700000000002,1,5.26999999999998,0.271000000000001,1000000
