expr,min,lq,mean,median,uq,max,neval,x_length
conventional,35772.228,38591.298,43046.77055,41228.313,45397.962,99934.075,100,1000
runstats,127.124,164.1015,194.1971,185.4105,220.637,387.842,100,1000
conventional,387.766669,426.190225,455.8605112,455.0902315,483.974253,531.598872,100,10000
runstats,1.048733,1.1543535,1.30650767,1.3206895,1.4074455,1.776815,100,10000
conventional,4157.57046,5054.020742,5125.23594598,5135.4329985,5227.189123,5830.278154,100,100000
runstats,17.620047,22.0606125,22.93634652,22.8065565,23.346832,35.340035,100,100000
conventional,54515.656576,55566.6314905,57674.10665137,56486.68885,58938.54504,65044.641264,100,1000000
runstats,439.426439,463.3664555,549.43753521,536.7806775,604.889343,820.14293,100,1000000
