test,replications,elapsed,relative,user.self,sys.self,x_length
dvmisc,10,0.000999999999976353,1,0.000999999999976353,0,1000
runstats,10,0.00199999999995271,2,0.00199999999995271,0,1000
dvmisc,10,0.129000000000133,5.375,0.129000000000019,0.00100000000000033,10000
runstats,10,0.0240000000001146,1,0.0189999999999486,0.00400000000000045,10000
dvmisc,10,1.18499999999995,4.115,1.18299999999999,0.000999999999999446,100000
runstats,10,0.288000000000011,1,0.24799999999999,0.0369999999999999,100000
dvmisc,10,12.0220000000002,2.182,12.002,0.0129999999999999,1000000
runstats,10,5.50999999999999,1,5.41700000000003,0.093,1000000
