expr,min,lq,mean,median,uq,max,neval,x_length
runstats,1457.957,1814.5135,2090.81056,1976.0045,2117.6435,16555.02,100,10000
dvmisc,35.966,43.036,51.60001,46.912,56.952,102.788,100,10000
runstats,18.273807,22.455685,24.79029404,23.6662895,26.458141,38.612342,100,100000
dvmisc,1058.051977,1135.9138735,1168.01707241,1164.402102,1190.6503415,1393.398208,100,100000
runstats,409.865869,460.6789655,528.81427081,530.120731,576.962761,1037.871693,100,1000000
dvmisc,11566.794626,12262.4610555,12676.4492916,12680.8443605,12913.7855305,16402.604884,100,1000000
