test,replications,elapsed,relative,user.self,sys.self,x_length,pattern_length
runstats,10,0.00499999999738066,1,0.0040000000000191,0.00100000000000477,1000,100
runstats,10,0.0520000000033178,1,0.0349999999999682,0.00900000000000034,10000,100
runstats,10,0.576999999997497,1,0.498999999999967,0.0630000000000024,100000,100
runstats,10,10.9920000000056,1,9.90800000000002,0.600999999999999,1000000,100
runstats,10,170.675999999999,1,148.816,7.682,10000000,100
