expr,min,lq,mean,median,uq,max,neval,x_length
runstats,231.836,257.1405,269.76162,268.3515,276.5835,355.768,100,1000
dvmisc,149.936,167.873,172.20125,173.748,177.4495,197.365,100,1000
runstats,1.400434,1.636102,1.91232063,1.706658,1.953319,16.158889,100,10000
dvmisc,1.172555,1.2351145,1.43799545,1.4119345,1.534568,2.425934,100,10000
runstats,19.884627,22.456958,24.19226128,23.4764915,25.5616715,32.040144,100,100000
dvmisc,11.606619,12.3164635,13.11528677,12.752713,13.637869,18.391399,100,100000
runstats,406.568791,494.151249,540.53265336,541.581166,574.8135245,695.648606,100,1000000
dvmisc,117.425484,125.4902045,136.46925901,132.4523,139.0283375,261.179902,100,1000000
