test,replications,elapsed,relative,user.self,sys.self,x_length
conventional,10,0.47399999999999,158,0.469000000000001,0.004,1000
runstats,10,0.0029999999999859,1,0.00300000000000011,0,1000
conventional,10,5.34399999999999,281.263,5.291,0.0110000000000001,10000
runstats,10,0.0190000000000055,1,0.0159999999999982,0.00199999999999978,10000
conventional,10,54.304,321.325,54.115,0.126,100000
runstats,10,0.16900000000004,1,0.137,0.032,100000
conventional,10,597.718,373.107,594.952,2.01,1000000
runstats,10,1.60200000000009,1,1.44899999999996,0.152,1000000
