test,replications,elapsed,relative,user.self,sys.self,x_length,pattern_length
runstats,10,0.00500000000000966,1,0.004,0.001,1000,100
runstats,10,0.0229999999999961,1,0.0179999999999998,0.00399999999999995,10000,100
runstats,10,0.193999999999988,1,0.158,0.037,100000,100
runstats,10,1.791,1,1.656,0.125,1000000,100
runstats,10,20.234,1,17.66,2.514,10000000,100
