expr,min,lq,mean,median,uq,max,neval,x_length
runstats,221.811,282.228,287.71662,289.488,294.132,344.623,100,1000
dvmisc,30.652,34.4075,38.00008,36.2045,37.3035,213.014,100,1000
runstats,1145.602,1834.6655,2173.64857,2075.8935,2196.9425,9655.844,100,10000
dvmisc,140.385,195.5555,217.07771,213.334,235.243,471.021,100,10000
runstats,17.205501,22.085427,24.68359316,22.986692,24.8564085,129.547799,100,100000
dvmisc,1.33253,1.5560005,1.76712869,1.605604,1.74206,6.162177,100,100000
runstats,421.792481,459.438224,524.10237629,532.8350175,572.0328695,703.679861,100,1000000
dvmisc,13.127906,17.1529165,20.95506503,19.363842,20.169452,125.544069,100,1000000
