test,replications,elapsed,relative,user.self,sys.self,x_length
dvmisc,10,0.00199999999995271,1,0.00200000000000955,0,1000
runstats,10,0.00299999999992906,1.5,0.00199999999995271,0,1000
dvmisc,10,0.0180000000000291,1,0.0180000000000291,0,10000
runstats,10,0.0259999999998399,1.444,0.0209999999999582,0.00600000000000023,10000
dvmisc,10,0.142000000000053,1,0.141999999999996,0,100000
runstats,10,0.300999999999931,2.12,0.259999999999991,0.0380000000000003,100000
dvmisc,10,1.28600000000006,1,1.28300000000002,0.00100000000000033,1000000
runstats,10,5.48199999999997,4.263,5.38499999999999,0.0949999999999998,1000000
