test,replications,elapsed,relative,user.self,sys.self,x_length,pattern_length
runstats,10,0.00199999999999534,1,0.00199999999999978,0,1000,100
runstats,10,0.0169999999999959,1,0.0139999999999998,0.003,10000,100
runstats,10,0.174999999999997,1,0.147,0.0279999999999999,100000,100
runstats,10,2.81400000000001,1,2.685,0.098,1000000,100
runstats,10,50.21,1,48.222,1.87,10000000,100
