test,replications,elapsed,relative,user.self,sys.self,x_length
NA,NA,NA,NA,NA,NA,1000
dvmisc,10,0,NA,0.0010000000000332,0,10000
runstats,10,0.0229999999999109,NA,0.0200000000000387,0.00199999999999978,10000
dvmisc,10,12.952,41.117,12.909,0.0269999999999992,100000
runstats,10,0.315000000000055,1,0.271999999999991,0.0419999999999998,100000
dvmisc,10,155.453,14.867,152.213,0.303,1000000
runstats,10,10.4559999999999,1,9.80700000000002,0.244,1000000
