test,replications,elapsed,relative,user.self,sys.self,x_length
conventional,10,0.490999999999985,245.5,0.485999999999997,0.00300000000000011,1000
runstats,10,0.00200000000000955,1,0.00200000000000244,0,1000
conventional,10,5.15300000000002,396.385,5.113,0.016,10000
runstats,10,0.0129999999999768,1,0.0109999999999957,0.00099999999999989,10000
conventional,10,54.616,345.671,54.086,0.198,100000
runstats,10,0.158000000000015,1,0.132999999999996,0.0260000000000002,100000
conventional,10,576.991,212.363,574.855,1.683,1000000
runstats,10,2.7170000000001,1,2.47699999999998,0.239,1000000
