test,replications,elapsed,relative,user.self,sys.self,x_length
dvmisc,10,0,NA,0.000999999999976353,0,1000
runstats,10,0.00299999999992906,NA,0.0029999999999859,0.000999999999999446,1000
dvmisc,10,0.00300000000015643,1,0.00200000000000955,0,10000
runstats,10,0.0259999999998399,8.667,0.021000000000015,0.00599999999999934,10000
dvmisc,10,0.0229999999999109,1,0.0200000000000387,0.00100000000000033,100000
runstats,10,0.30600000000004,13.304,0.258999999999958,0.0410000000000004,100000
dvmisc,10,0.180000000000064,1,0.17900000000003,0.00100000000000033,1000000
runstats,10,5.77200000000016,32.067,5.67200000000003,0.0939999999999994,1000000
