expr,min,lq,mean,median,uq,max,neval,x_length,pattern_length
runstats,185.394,264.04,275.92528,279.538,290.5595,898.042,100,1000,100
runstats,1.265881,1.738504,2.06586077,2.0137145,2.118794,8.173483,100,10000,100
runstats,19.582922,23.7878465,29.5195971,27.1665,33.863001,82.286423,100,100000,100
runstats,410.801555,440.227363,489.43927083,468.9032915,528.855827,700.845921,100,1000000,100
runstats,8.328528197,9.526831589,9.89865698362,9.914855212,10.2398120255,11.791611444,100,10000000,100
