expr,min,lq,mean,median,uq,max,neval,x_length
runstats,181.527,196.5845,232.11805,229.1655,266.104,326.866,100,1000
dvmisc,10.685,11.828,15.69389,14.8,19.125,33.403,100,1000
runstats,1.411668,1.5377545,1.96048404,1.7316715,1.9186465,20.161776,100,10000
dvmisc,10.427251,10.986851,11.68649193,11.358287,12.1541445,15.506952,100,10000
runstats,19.562363,23.179147,26.51462085,24.9894855,28.934334,47.289238,100,100000
dvmisc,110.175105,118.280558,125.13525674,122.966662,126.491644,169.399781,100,100000
runstats,407.4103,461.6073825,512.65403707,490.003456,562.5807395,724.908814,100,1000000
dvmisc,1115.324611,1204.4569425,1231.47113935,1226.0733,1246.5122245,1477.644469,100,1000000
