IONS,MASS
M+H, 1.007276
M+Na, 22.989218
M+H+H2, 1.007276
M+K, 38.963158
M+H+H, 1.0072676
M+Na+H, 11.998247
M+K+H, 19.985217
M+K+H2, 13.65924
M+Na+H2, 8.334590
M+H-H2O, -17.00383
